id,url,label
1,https://amazon.com/contact,0
2,https://khanacademy.org/pricing,0
3,https://youtube.com/en/wiki/Machine_learning,0
4,http://springer.com/docs,0
5,https://reddit.com/products,0
6,https://github.com/blog,0
7,https://springer.com/blog,0
8,https://google.com/services,0
9,https://plotly.com/repo/project-name,0
10,https://khanacademy.org/help,0
11,https://linkedin.com/images/photo.jpg,0
12,https://cnn.com/api/v2/data,0
13,https://kaggle.com/news,0
14,https://amazon.com/faq,0
15,https://linkedin.com/faq,0
16,https://pandas.pydata.org/services,0
17,https://edx.org/pricing,0
18,https://microsoft.com/images/photo.jpg,0
19,https://twitter.com/products,0
20,https://apple.com/contact,0
21,https://numpy.org/pricing,0
22,https://amazon.com/contact,0
23,https://wikipedia.org/faq,0
24,https://springer.com/about,0
25,https://github.com/pricing,0
26,https://nature.com/images/photo.jpg,0
27,https://wikipedia.org/blog,0
28,https://microsoft.com/images/photo.jpg,0
29,https://github.com/about,0
30,https://stackoverflow.com/products,0
31,https://nature.com/contact,0
32,https://github.com/api/v2/data,0
33,https://udemy.com/contact,0
34,https://cnn.com/blog,0
35,https://cnn.com/help,0
36,https://kaggle.com/about,0
37,https://reddit.com/images/photo.jpg,0
38,https://khanacademy.org/repo/project-name,0
39,https://apple.com/products,0
40,https://python.org/faq,0
41,https://wikipedia.org/blog,0
42,https://google.com/en/wiki/Machine_learning,0
43,https://plotly.com/faq,0
44,http://microsoft.com/images/photo.jpg,0
45,https://nytimes.com/search?q=python,0
46,https://linkedin.com/about,0
47,https://huggingface.co/en/wiki/Machine_learning,0
48,https://github.com/about,0
49,https://amazon.com/faq,0
50,https://reddit.com/docs,0
51,https://coursera.org/help,0
52,https://twitter.com/api/v2/data,0
53,https://springer.com/api/v2/data,0
54,http://pandas.pydata.org/en/wiki/Machine_learning,0
55,https://pandas.pydata.org/news,0
56,https://huggingface.co/api/v2/data,0
57,https://medium.com/news,0
58,http://youtube.com/faq,0
59,https://scikit-learn.org/products,0
60,https://bbc.com/blog,0
61,https://nytimes.com/faq,0
62,https://ieee.org/api/v2/data,0
63,https://stackoverflow.com/images/photo.jpg,0
64,https://github.com/repo/project-name,0
65,https://linkedin.com/en/wiki/Machine_learning,0
66,https://github.com/en/wiki/Machine_learning,0
67,https://cnn.com/faq,0
68,https://nytimes.com/services,0
69,https://huggingface.co/services,0
70,https://microsoft.com/docs,0
71,https://pandas.pydata.org/docs,0
72,https://springer.com/blog,0
73,http://ieee.org/pricing,0
74,https://apple.com/api/v2/data,0
75,https://kaggle.com/news,0
76,https://numpy.org/contact,0
77,https://arxiv.org/api/v2/data,0
78,http://amazon.com/products,0
79,http://edx.org/images/photo.jpg,0
80,https://apple.com/products,0
81,https://streamlit.io/pricing,0
82,https://linkedin.com/help,0
83,https://numpy.org/api/v2/data,0
84,https://medium.com/faq,0
85,https://numpy.org/about,0
86,https://twitter.com/repo/project-name,0
87,https://google.com/docs,0
88,https://ieee.org/api/v2/data,0
89,https://arxiv.org/contact,0
90,https://linkedin.com/api/v2/data,0
91,https://amazon.com/contact,0
92,http://plotly.com/docs,0
93,https://amazon.com/api/v2/data,0
94,https://numpy.org/contact,0
95,http://amazon.com/pricing,0
96,https://springer.com/article/12345,0
97,https://bbc.com/en/wiki/Machine_learning,0
98,https://apple.com/about,0
99,https://nytimes.com/help,0
100,https://khanacademy.org/en/wiki/Machine_learning,0
101,https://pandas.pydata.org/api/v2/data,0
102,https://coursera.org/news,0
103,https://springer.com/news,0
104,https://kaggle.com/docs,0
105,https://netflix.com/repo/project-name,0
106,https://edx.org/api/v2/data,0
107,https://twitter.com/contact,0
108,https://python.org/docs,0
109,https://python.org/contact,0
110,https://bbc.com/products,0
111,https://netflix.com/news,0
112,https://streamlit.io/search?q=python,0
113,https://twitter.com/products,0
114,https://nature.com/blog,0
115,http://netflix.com/en/wiki/Machine_learning,0
116,http://twitter.com/blog,0
117,https://twitter.com/docs,0
118,https://nytimes.com/images/photo.jpg,0
119,https://streamlit.io/news,0
120,https://kaggle.com/api/v2/data,0
121,http://cnn.com/en/wiki/Machine_learning,0
122,https://pandas.pydata.org/faq,0
123,https://stackoverflow.com/article/12345,0
124,https://streamlit.io/about,0
125,https://nature.com/faq,0
126,https://youtube.com/images/photo.jpg,0
127,https://stackoverflow.com/services,0
128,https://python.org/blog,0
129,https://youtube.com/news,0
130,https://khanacademy.org/article/12345,0
131,https://amazon.com/docs,0
132,https://netflix.com/repo/project-name,0
133,https://reddit.com/blog,0
134,https://python.org/images/photo.jpg,0
135,https://plotly.com/repo/project-name,0
136,https://coursera.org/services,0
137,https://nytimes.com/services,0
138,https://reddit.com/pricing,0
139,https://plotly.com/services,0
140,https://coursera.org/docs,0
141,https://ieee.org/api/v2/data,0
142,https://linkedin.com/en/wiki/Machine_learning,0
143,https://stackoverflow.com/api/v2/data,0
144,https://khanacademy.org/services,0
145,https://apple.com/docs,0
146,https://google.com/api/v2/data,0
147,https://netflix.com/article/12345,0
148,https://kaggle.com/pricing,0
149,https://netflix.com/api/v2/data,0
150,https://huggingface.co/docs,0
151,https://coursera.org/blog,0
152,https://nature.com/news,0
153,https://reddit.com/contact,0
154,https://microsoft.com/pricing,0
155,https://udemy.com/about,0
156,https://numpy.org/services,0
157,https://pandas.pydata.org/docs,0
158,https://microsoft.com/about,0
159,https://wikipedia.org/services,0
160,https://ieee.org/help,0
161,https://pandas.pydata.org/news,0
162,https://plotly.com/contact,0
163,https://pandas.pydata.org/search?q=python,0
164,https://udemy.com/about,0
165,https://coursera.org/contact,0
166,https://reddit.com/services,0
167,https://nature.com/en/wiki/Machine_learning,0
168,http://bbc.com/article/12345,0
169,https://coursera.org/help,0
170,https://amazon.com/contact,0
171,https://udemy.com/repo/project-name,0
172,https://khanacademy.org/api/v2/data,0
173,https://ieee.org/repo/project-name,0
174,https://apple.com/news,0
175,https://bbc.com/repo/project-name,0
176,https://wikipedia.org/pricing,0
177,https://google.com/api/v2/data,0
178,http://medium.com/search?q=python,0
179,https://numpy.org/docs,0
180,https://huggingface.co/api/v2/data,0
181,https://plotly.com/en/wiki/Machine_learning,0
182,https://github.com/blog,0
183,https://reddit.com/pricing,0
184,https://numpy.org/help,0
185,https://nature.com/en/wiki/Machine_learning,0
186,https://bbc.com/news,0
187,https://pandas.pydata.org/article/12345,0
188,https://microsoft.com/help,0
189,https://nytimes.com/products,0
190,https://youtube.com/pricing,0
191,https://python.org/contact,0
192,https://streamlit.io/article/12345,0
193,https://plotly.com/repo/project-name,0
194,https://plotly.com/api/v2/data,0
195,https://twitter.com/api/v2/data,0
196,https://nytimes.com/services,0
197,https://huggingface.co/blog,0
198,https://youtube.com/api/v2/data,0
199,https://github.com/repo/project-name,0
200,http://arxiv.org/pricing,0
201,https://streamlit.io/repo/project-name,0
202,https://pandas.pydata.org/help,0
203,https://bbc.com/faq,0
204,https://linkedin.com/contact,0
205,https://linkedin.com/repo/project-name,0
206,https://twitter.com/about,0
207,https://plotly.com/services,0
208,https://wikipedia.org/contact,0
209,https://cnn.com/api/v2/data,0
210,https://streamlit.io/faq,0
211,https://streamlit.io/pricing,0
212,https://cnn.com/article/12345,0
213,https://cnn.com/images/photo.jpg,0
214,https://youtube.com/services,0
215,http://coursera.org/pricing,0
216,https://numpy.org/news,0
217,https://youtube.com/faq,0
218,https://netflix.com/about,0
219,https://reddit.com/en/wiki/Machine_learning,0
220,https://linkedin.com/repo/project-name,0
221,http://microsoft.com/repo/project-name,0
222,https://huggingface.co/news,0
223,https://kaggle.com/api/v2/data,0
224,https://microsoft.com/pricing,0
225,http://ieee.org/images/photo.jpg,0
226,https://streamlit.io/images/photo.jpg,0
227,https://coursera.org/en/wiki/Machine_learning,0
228,https://twitter.com/news,0
229,https://plotly.com/pricing,0
230,https://numpy.org/pricing,0
231,https://ieee.org/search?q=python,0
232,https://streamlit.io/faq,0
233,https://microsoft.com/faq,0
234,https://linkedin.com/contact,0
235,http://ieee.org/pricing,0
236,http://google.com/about,0
237,https://scikit-learn.org/search?q=python,0
238,https://nytimes.com/contact,0
239,https://microsoft.com/blog,0
240,https://streamlit.io/contact,0
241,https://streamlit.io/pricing,0
242,https://cnn.com/images/photo.jpg,0
243,https://reddit.com/blog,0
244,https://pandas.pydata.org/api/v2/data,0
245,https://khanacademy.org/news,0
246,https://nytimes.com/images/photo.jpg,0
247,https://coursera.org/faq,0
248,https://apple.com/docs,0
249,https://twitter.com/search?q=python,0
250,https://amazon.com/products,0
251,https://reddit.com/blog,0
252,https://bbc.com/contact,0
253,https://apple.com/docs,0
254,https://netflix.com/about,0
255,https://google.com/contact,0
256,https://springer.com/help,0
257,https://cnn.com/en/wiki/Machine_learning,0
258,https://twitter.com/repo/project-name,0
259,https://netflix.com/en/wiki/Machine_learning,0
260,https://reddit.com/search?q=python,0
261,https://streamlit.io/help,0
262,https://huggingface.co/help,0
263,https://arxiv.org/news,0
264,https://wikipedia.org/pricing,0
265,https://netflix.com/en/wiki/Machine_learning,0
266,https://medium.com/blog,0
267,https://reddit.com/en/wiki/Machine_learning,0
268,http://edx.org/article/12345,0
269,https://cnn.com/products,0
270,https://cnn.com/article/12345,0
271,https://github.com/pricing,0
272,https://apple.com/products,0
273,https://twitter.com/blog,0
274,https://streamlit.io/contact,0
275,https://medium.com/news,0
276,https://twitter.com/pricing,0
277,https://medium.com/products,0
278,https://scikit-learn.org/help,0
279,https://khanacademy.org/en/wiki/Machine_learning,0
280,https://khanacademy.org/services,0
281,https://nature.com/faq,0
282,https://github.com/pricing,0
283,https://python.org/repo/project-name,0
284,https://linkedin.com/article/12345,0
285,https://coursera.org/docs,0
286,http://reddit.com/en/wiki/Machine_learning,0
287,https://stackoverflow.com/pricing,0
288,https://udemy.com/repo/project-name,0
289,https://cnn.com/repo/project-name,0
290,https://streamlit.io/news,0
291,https://medium.com/news,0
292,https://youtube.com/news,0
293,https://nature.com/about,0
294,https://reddit.com/about,0
295,https://python.org/repo/project-name,0
296,https://udemy.com/en/wiki/Machine_learning,0
297,https://cnn.com/search?q=python,0
298,https://kaggle.com/article/12345,0
299,https://nature.com/about,0
300,http://wikipedia.org/products,0
301,https://scikit-learn.org/services,0
302,https://netflix.com/pricing,0
303,https://amazon.com/search?q=python,0
304,https://twitter.com/products,0
305,https://netflix.com/docs,0
306,https://twitter.com/search?q=python,0
307,https://netflix.com/faq,0
308,http://numpy.org/products,0
309,https://bbc.com/docs,0
310,https://edx.org/contact,0
311,https://khanacademy.org/contact,0
312,https://linkedin.com/news,0
313,https://apple.com/news,0
314,https://twitter.com/blog,0
315,https://udemy.com/images/photo.jpg,0
316,https://microsoft.com/about,0
317,https://netflix.com/blog,0
318,https://nature.com/blog,0
319,https://reddit.com/about,0
320,https://wikipedia.org/en/wiki/Machine_learning,0
321,https://plotly.com/en/wiki/Machine_learning,0
322,http://bbc.com/products,0
323,https://bbc.com/images/photo.jpg,0
324,https://cnn.com/docs,0
325,https://udemy.com/faq,0
326,https://youtube.com/news,0
327,https://pandas.pydata.org/article/12345,0
328,https://pandas.pydata.org/docs,0
329,https://nature.com/news,0
330,https://google.com/pricing,0
331,https://apple.com/faq,0
332,https://github.com/products,0
333,https://huggingface.co/search?q=python,0
334,https://amazon.com/docs,0
335,https://cnn.com/search?q=python,0
336,https://khanacademy.org/docs,0
337,https://nytimes.com/en/wiki/Machine_learning,0
338,https://numpy.org/products,0
339,https://kaggle.com/pricing,0
340,https://arxiv.org/faq,0
341,https://microsoft.com/products,0
342,https://python.org/contact,0
343,https://apple.com/docs,0
344,https://edx.org/about,0
345,https://huggingface.co/article/12345,0
346,http://khanacademy.org/help,0
347,https://stackoverflow.com/en/wiki/Machine_learning,0
348,https://netflix.com/images/photo.jpg,0
349,https://github.com/images/photo.jpg,0
350,https://microsoft.com/faq,0
351,https://youtube.com/pricing,0
352,https://twitter.com/docs,0
353,https://pandas.pydata.org/about,0
354,https://linkedin.com/docs,0
355,https://nature.com/repo/project-name,0
356,https://coursera.org/search?q=python,0
357,https://scikit-learn.org/contact,0
358,https://kaggle.com/search?q=python,0
359,https://reddit.com/services,0
360,https://youtube.com/news,0
361,https://python.org/en/wiki/Machine_learning,0
362,https://linkedin.com/about,0
363,http://linkedin.com/blog,0
364,https://github.com/images/photo.jpg,0
365,https://youtube.com/en/wiki/Machine_learning,0
366,https://netflix.com/repo/project-name,0
367,https://wikipedia.org/docs,0
368,https://huggingface.co/en/wiki/Machine_learning,0
369,https://github.com/blog,0
370,http://stackoverflow.com/en/wiki/Machine_learning,0
371,https://wikipedia.org/images/photo.jpg,0
372,https://medium.com/about,0
373,http://nytimes.com/pricing,0
374,https://stackoverflow.com/faq,0
375,https://numpy.org/repo/project-name,0
376,https://nature.com/article/12345,0
377,http://bbc.com/docs,0
378,https://ieee.org/article/12345,0
379,https://kaggle.com/en/wiki/Machine_learning,0
380,https://ieee.org/help,0
381,https://cnn.com/blog,0
382,https://plotly.com/products,0
383,https://bbc.com/api/v2/data,0
384,https://coursera.org/help,0
385,https://nature.com/images/photo.jpg,0
386,https://netflix.com/search?q=python,0
387,https://medium.com/news,0
388,http://edx.org/docs,0
389,https://numpy.org/api/v2/data,0
390,https://youtube.com/faq,0
391,https://github.com/contact,0
392,https://stackoverflow.com/en/wiki/Machine_learning,0
393,https://udemy.com/blog,0
394,https://wikipedia.org/docs,0
395,https://python.org/services,0
396,https://amazon.com/help,0
397,https://streamlit.io/services,0
398,https://amazon.com/pricing,0
399,https://wikipedia.org/help,0
400,https://wikipedia.org/faq,0
401,https://khanacademy.org/api/v2/data,0
402,https://khanacademy.org/services,0
403,https://bbc.com/en/wiki/Machine_learning,0
404,https://linkedin.com/images/photo.jpg,0
405,https://pandas.pydata.org/blog,0
406,https://arxiv.org/blog,0
407,https://khanacademy.org/faq,0
408,https://khanacademy.org/repo/project-name,0
409,https://medium.com/services,0
410,https://streamlit.io/images/photo.jpg,0
411,https://pandas.pydata.org/blog,0
412,http://coursera.org/docs,0
413,https://python.org/article/12345,0
414,https://microsoft.com/docs,0
415,https://stackoverflow.com/en/wiki/Machine_learning,0
416,http://twitter.com/blog,0
417,https://stackoverflow.com/article/12345,0
418,http://github.com/help,0
419,https://netflix.com/services,0
420,https://coursera.org/news,0
421,https://netflix.com/en/wiki/Machine_learning,0
422,https://pandas.pydata.org/docs,0
423,https://amazon.com/api/v2/data,0
424,https://scikit-learn.org/news,0
425,https://linkedin.com/en/wiki/Machine_learning,0
426,https://kaggle.com/services,0
427,https://coursera.org/search?q=python,0
428,http://google.com/article/12345,0
429,https://github.com/help,0
430,https://springer.com/repo/project-name,0
431,https://netflix.com/article/12345,0
432,https://arxiv.org/contact,0
433,https://nature.com/contact,0
434,https://netflix.com/article/12345,0
435,https://khanacademy.org/help,0
436,https://ieee.org/news,0
437,https://nature.com/repo/project-name,0
438,http://stackoverflow.com/help,0
439,https://kaggle.com/services,0
440,https://python.org/contact,0
441,https://ieee.org/blog,0
442,https://wikipedia.org/repo/project-name,0
443,https://medium.com/article/12345,0
444,https://nytimes.com/pricing,0
445,https://kaggle.com/blog,0
446,https://udemy.com/api/v2/data,0
447,https://wikipedia.org/images/photo.jpg,0
448,https://pandas.pydata.org/api/v2/data,0
449,https://medium.com/help,0
450,https://ieee.org/docs,0
451,http://scikit-learn.org/news,0
452,https://google.com/news,0
453,https://youtube.com/api/v2/data,0
454,https://kaggle.com/services,0
455,https://springer.com/help,0
456,https://microsoft.com/docs,0
457,https://nytimes.com/help,0
458,https://nytimes.com/about,0
459,https://microsoft.com/help,0
460,https://apple.com/en/wiki/Machine_learning,0
461,http://amazon.com/images/photo.jpg,0
462,https://amazon.com/contact,0
463,https://cnn.com/blog,0
464,https://medium.com/search?q=python,0
465,https://twitter.com/products,0
466,https://youtube.com/services,0
467,https://springer.com/docs,0
468,https://medium.com/about,0
469,https://streamlit.io/blog,0
470,https://github.com/article/12345,0
471,https://numpy.org/faq,0
472,https://python.org/blog,0
473,https://ieee.org/pricing,0
474,https://bbc.com/faq,0
475,https://springer.com/api/v2/data,0
476,https://edx.org/repo/project-name,0
477,https://amazon.com/news,0
478,https://wikipedia.org/docs,0
479,http://udemy.com/news,0
480,https://netflix.com/en/wiki/Machine_learning,0
481,https://youtube.com/services,0
482,https://reddit.com/api/v2/data,0
483,https://python.org/images/photo.jpg,0
484,https://medium.com/api/v2/data,0
485,https://coursera.org/faq,0
486,https://arxiv.org/faq,0
487,https://netflix.com/pricing,0
488,https://python.org/pricing,0
489,https://stackoverflow.com/blog,0
490,http://microsoft.com/article/12345,0
491,https://edx.org/search?q=python,0
492,https://arxiv.org/about,0
493,http://amazon.com/repo/project-name,0
494,https://stackoverflow.com/services,0
495,https://nature.com/products,0
496,https://medium.com/images/photo.jpg,0
497,https://microsoft.com/blog,0
498,https://python.org/pricing,0
499,https://stackoverflow.com/api/v2/data,0
500,https://stackoverflow.com/docs,0
