id,text,label
522,आपका OTP 585820 है। 10 मिनट में expire होगा। किसी को न बताएं।,0
738,तुमचा OTP 218627 आहे. 10 मिनिटात expire होईल. कोणालाही सांगू नका.,0
741,₹14836 का लेनदेन Petrol Pump पर हुआ। बैलेंस: ₹34350,0
661,Library book return due on 16-08-2025. Please return to avoid fine.,0
412,बधाई! ₹98599 आपके खाते में भेजे जाएंगे। अभी verify करें: http://upi.ml,1
679,Your order #9761 has been delivered. Rate your experience on the app.,0
627,Your OTP for login is 318247. Valid for 10 minutes. Do NOT share with anyone.,0
514,Transaction of ₹22657 done at Swiggy. Available bal: ₹161243.,0
860,Your OTP for login is 499674. Valid for 10 minutes. Do NOT share with anyone.,0
137,"Dear customer, ₹6071 credited to your account as cashback. Verify: http://cashback.ml/92729",1
812,₹16903 चा व्यवहार Petrol Pump येथे झाला. शिल्लक: ₹109552,0
77,"Dear customer, ₹52774 credited to your account as cashback. Verify: http://cashback.ml/78526",1
637,आज 3 बजे मीटिंग है। कॉन्फ्रेंस रूम B में। लैपटॉप लेकर आएं।,0
974,Happy Birthday Pooja! Wishing you a wonderful day.,0
939,Exam results declared. Log in to portal to check your score.,0
900,Library book return due on 11-03-2025. Please return to avoid fine.,0
281,Job offer! Earn ₹92160/day from home. No experience needed. Register: http://earn-home.ml,1
884,Your flight AI-3038 departs at 6:30 AM from Terminal 2. Check-in open.,0
762,₹6645 का लेनदेन Zomato पर हुआ। बैलेंस: ₹127253,0
320,Congratulations! Your UPI ID won ₹79397. Verify at http://upi-winner.tk to receive.,1
550,₹21643 चा व्यवहार Flipkart येथे झाला. शिल्लक: ₹26921,0
175,URGENT: Your bank a/c will be blocked. Send OTP 105891 to our executive immediately.,1
372,SIM card upgrade required. Your Airtel SIM will deactivate. Update: http://sim-update.tk/40486,1
528,Your flight AI-4946 departs at 6:30 AM from Terminal 2. Check-in open.,0
211,तुमचे आधार कार्ड गुन्ह्याशी जोडले आहे. लगेच call करा +91-8889658333,1
236,LOTTERY: You've been selected as a winner! Prize: ₹94893. Pay ₹500 processing fee to claim.,1
102,LOTTERY: You've been selected as a winner! Prize: ₹48625. Pay ₹500 processing fee to claim.,1
987,Your flight AI-4360 departs at 6:30 AM from Terminal 2. Check-in open.,0
903,Doctor appointment confirmed for 17-09-2025 at 11 AM with Dr. Vivek.,0
948,₹40860 चा व्यवहार Reliance येथे झाला. शिल्लक: ₹186888,0
347,Job offer! Earn ₹40790/day from home. No experience needed. Register: http://earn-home.ml,1
140,"Dear customer, ₹79277 credited to your account as cashback. Verify: http://cashback.ml/19654",1
622,Your OTP for login is 523272. Valid for 10 minutes. Do NOT share with anyone.,0
500,बधाई! ₹52956 आपके खाते में भेजे जाएंगे। अभी verify करें: http://upi.ml,1
371,Aadhaar linked with crime. Call CBI officer at +91-8257373556 immediately. Ignore at your risk.,1
199,तुमचे आधार कार्ड गुन्ह्याशी जोडले आहे. लगेच call करा +91-9304913884,1
688,Reminder: EMI of ₹32239 due on 16-06-2025. Auto-debit will happen.,0
585,Reminder: EMI of ₹31222 due on 27-05-2025. Auto-debit will happen.,0
902,₹22549 का लेनदेन Swiggy पर हुआ। बैलेंस: ₹189962,0
60,Your CIBIL score is low. Get instant loan ₹19597. No documents. Click: http://loan-app.cf,1
329,Aadhaar linked with crime. Call CBI officer at +91-7029582285 immediately. Ignore at your risk.,1
97,तुमचे आधार कार्ड गुन्ह्याशी जोडले आहे. लगेच call करा +91-8435667669,1
313,मोफत! तुम्ही ₹569 जिंकले! 24 तासात दावा करा. कॉल करा +91-7588787875,1
975,Transaction of ₹33745 done at Reliance. Available bal: ₹132383.,0
300,Police Case registered against you. Pay ₹52511 fine immediately to avoid arrest: +91-9936358355,1
278,लोन ऑफर: ₹95691 लगेच मिळेल. कोणतेही कागदपत्र नाही. आत्ता apply करा.,1
925,Your OTP for login is 434519. Valid for 10 minutes. Do NOT share with anyone.,0
602,आज 3 बजे मीटिंग है। कॉन्फ्रेंस रूम B में। लैपटॉप लेकर आएं।,0
440,लोन ऑफर: ₹71729 तुरंत मिलेगा। कोई दस्तावेज़ नहीं। अभी apply करें।,1
838,आपका OTP 219430 है। 10 मिनट में expire होगा। किसी को न बताएं।,0
571,Your OTP for login is 459782. Valid for 10 minutes. Do NOT share with anyone.,0
880,आज 3 बजे मीटिंग है। कॉन्फ्रेंस रूम B में। लैपटॉप लेकर आएं।,0
262,Police Case registered against you. Pay ₹89665 fine immediately to avoid arrest: +91-9793819732,1
579,Doctor appointment confirmed for 25-06-2025 at 11 AM with Dr. Sneha.,0
24,तातडीचे: तुमचे UPI खाते बंद होईल. OTP 871139 द्या.,1
31,तुरंत: आपका UPI खाता बंद हो जाएगा। OTP 589919 दें।,1
618,आज 3 बजे मीटिंग है। कॉन्फ्रेंस रूम B में। लैपटॉप लेकर आएं।,0
11,मुफ्त! आपने ₹79621 जीते! 24 घंटे में दावा करें। कॉल करें +91-9612371538,1
222,LOTTERY: You've been selected as a winner! Prize: ₹11524. Pay ₹500 processing fee to claim.,1
821,आज 3 बजे मीटिंग है। कॉन्फ्रेंस रूम B में। लैपटॉप लेकर आएं।,0
297,Your CIBIL score is low. Get instant loan ₹81493. No documents. Click: http://loan-app.cf,1
55,Police Case registered against you. Pay ₹23441 fine immediately to avoid arrest: +91-8150190600,1
543,तुमचा OTP 816972 आहे. 10 मिनिटात expire होईल. कोणालाही सांगू नका.,0
210,SIM card upgrade required. Your Vi SIM will deactivate. Update: http://sim-update.tk/8528,1
605,आपका OTP 508784 है। 10 मिनट में expire होगा। किसी को न बताएं।,0
693,Library book return due on 22-08-2025. Please return to avoid fine.,0
663,आज 3 बजे मीटिंग है। कॉन्फ्रेंस रूम B में। लैपटॉप लेकर आएं।,0
867,Transaction of ₹16799 done at Reliance. Available bal: ₹138675.,0
71,आपका आधार कार्ड crime से लिंक है। तुरंत call करें +91-8736359501,1
544,आपका OTP 647427 है। 10 मिनट में expire होगा। किसी को न बताएं।,0
108,Your CIBIL score is low. Get instant loan ₹90788. No documents. Click: http://loan-app.cf,1
494,"Dear customer, ₹54364 credited to your account as cashback. Verify: http://cashback.ml/38876",1
591,Doctor appointment confirmed for 25-04-2025 at 11 AM with Dr. Priya.,0
742,Library book return due on 27-07-2025. Please return to avoid fine.,0
293,SIM card upgrade required. Your Jio SIM will deactivate. Update: http://sim-update.tk/22153,1
290,मोफत! तुम्ही ₹87822 जिंकले! 24 तासात दावा करा. कॉल करा +91-9706975556,1
653,Happy Birthday Rajesh! Wishing you a wonderful day.,0
40,URGENT: Your bank a/c will be blocked. Send OTP 931338 to our executive immediately.,1
590,Transaction of ₹3809 done at Petrol Pump. Available bal: ₹186408.,0
308,Your CIBIL score is low. Get instant loan ₹82578. No documents. Click: http://loan-app.cf,1
680,आज 3 बजे मीटिंग है। कॉन्फ्रेंस रूम B में। लैपटॉप लेकर आएं।,0
67,Job offer! Earn ₹84537/day from home. No experience needed. Register: http://earn-home.ml,1
276,तुमचे आधार कार्ड गुन्ह्याशी जोडले आहे. लगेच call करा +91-8507810226,1
68,मोफत! तुम्ही ₹36723 जिंकले! 24 तासात दावा करा. कॉल करा +91-8808783215,1
319,Congratulations! Your UPI ID won ₹22123. Verify at http://upi-winner.tk to receive.,1
549,आपका OTP 737991 है। 10 मिनट में expire होगा। किसी को न बताएं।,0
999,आपका OTP 119753 है। 10 मिनट में expire होगा। किसी को न बताएं।,0
715,Your flight AI-3146 departs at 6:30 AM from Terminal 2. Check-in open.,0
754,Your order #7091 has been delivered. Rate your experience on the app.,0
328,मोफत! तुम्ही ₹50063 जिंकले! 24 तासात दावा करा. कॉल करा +91-8169465662,1
383,तुमचे आधार कार्ड गुन्ह्याशी जोडले आहे. लगेच call करा +91-7040026000,1
452,अभिनंदन! ₹28937 तुमच्या खात्यात जमा होतील. verify करा: http://upi.ml,1
523,Doctor appointment confirmed for 18-06-2025 at 11 AM with Dr. Amit.,0
219,SIM card upgrade required. Your Jio SIM will deactivate. Update: http://sim-update.tk/2833,1
788,Transaction of ₹38889 done at Swiggy. Available bal: ₹59246.,0
437,Your CIBIL score is low. Get instant loan ₹8919. No documents. Click: http://loan-app.cf,1
765,आज 3 बजे मीटिंग है। कॉन्फ्रेंस रूम B में। लैपटॉप लेकर आएं।,0
89,बधाई! ₹2425 आपके खाते में भेजे जाएंगे। अभी verify करें: http://upi.ml,1
64,बधाई! ₹16451 आपके खाते में भेजे जाएंगे। अभी verify करें: http://upi.ml,1
827,आज 3 बजे मीटिंग है। कॉन्फ्रेंस रूम B में। लैपटॉप लेकर आएं।,0
717,आपका OTP 316923 है। 10 मिनट में expire होगा। किसी को न बताएं।,0
352,LOTTERY: You've been selected as a winner! Prize: ₹29929. Pay ₹500 processing fee to claim.,1
937,Reminder: EMI of ₹48946 due on 04-11-2025. Auto-debit will happen.,0
257,FREE msg: You've won ₹70513! Claim within 24hrs. Call +91-9772902112 or SMS WIN to 56789.,1
636,Your flight AI-5502 departs at 6:30 AM from Terminal 2. Check-in open.,0
645,Reminder: EMI of ₹14666 due on 01-01-2025. Auto-debit will happen.,0
555,Doctor appointment confirmed for 18-07-2025 at 11 AM with Dr. Sneha.,0
960,Meeting at 3 PM today. Conference room B. Please bring your laptop.,0
169,FREE msg: You've won ₹10052! Claim within 24hrs. Call +91-9118407895 or SMS WIN to 56789.,1
918,Exam results declared. Log in to portal to check your score.,0
529,तुमचा OTP 927820 आहे. 10 मिनिटात expire होईल. कोणालाही सांगू नका.,0
824,तुमचा OTP 122971 आहे. 10 मिनिटात expire होईल. कोणालाही सांगू नका.,0
986,Reminder: EMI of ₹3867 due on 14-07-2025. Auto-debit will happen.,0
817,Exam results declared. Log in to portal to check your score.,0
87,FREE msg: You've won ₹11900! Claim within 24hrs. Call +91-7569946661 or SMS WIN to 56789.,1
433,URGENT: Your bank a/c will be blocked. Send OTP 179689 to our executive immediately.,1
185,FREE msg: You've won ₹58816! Claim within 24hrs. Call +91-7491921670 or SMS WIN to 56789.,1
979,आपका OTP 565381 है। 10 मिनट में expire होगा। किसी को न बताएं।,0
535,Meeting at 3 PM today. Conference room B. Please bring your laptop.,0
295,तुरंत: आपका UPI खाता बंद हो जाएगा। OTP 999745 दें।,1
893,Library book return due on 11-08-2025. Please return to avoid fine.,0
426,FREE msg: You've won ₹55335! Claim within 24hrs. Call +91-7345974243 or SMS WIN to 56789.,1
714,₹44121 का लेनदेन Swiggy पर हुआ। बैलेंस: ₹48465,0
261,Your CIBIL score is low. Get instant loan ₹57247. No documents. Click: http://loan-app.cf,1
238,Police Case registered against you. Pay ₹27016 fine immediately to avoid arrest: +91-7149183460,1
560,Transaction of ₹47515 done at BigBazaar. Available bal: ₹112828.,0
584,Happy Birthday Vivek! Wishing you a wonderful day.,0
446,तातडीचे: तुमचे UPI खाते बंद होईल. OTP 768787 द्या.,1
868,Transaction of ₹13216 done at Amazon. Available bal: ₹159104.,0
801,₹18910 चा व्यवहार Amazon येथे झाला. शिल्लक: ₹147895,0
600,Your order #7716 has been delivered. Rate your experience on the app.,0
850,आपका OTP 782581 है। 10 मिनट में expire होगा। किसी को न बताएं।,0
266,बधाई! ₹89886 आपके खाते में भेजे जाएंगे। अभी verify करें: http://upi.ml,1
996,Library book return due on 13-10-2025. Please return to avoid fine.,0
530,Your order #3890 has been delivered. Rate your experience on the app.,0
56,लोन ऑफर: ₹59420 लगेच मिळेल. कोणतेही कागदपत्र नाही. आत्ता apply करा.,1
121,"Dear customer, ₹54687 credited to your account as cashback. Verify: http://cashback.ml/95496",1
216,लोन ऑफर: ₹98682 लगेच मिळेल. कोणतेही कागदपत्र नाही. आत्ता apply करा.,1
26,अभिनंदन! ₹6803 तुमच्या खात्यात जमा होतील. verify करा: http://upi.ml,1
73,मुफ्त! आपने ₹3061 जीते! 24 घंटे में दावा करें। कॉल करें +91-9959368248,1
45,Police Case registered against you. Pay ₹33843 fine immediately to avoid arrest: +91-9877739461,1
248,मुफ्त! आपने ₹24796 जीते! 24 घंटे में दावा करें। कॉल करें +91-8714125540,1
722,Your flight AI-9565 departs at 6:30 AM from Terminal 2. Check-in open.,0
282,FREE msg: You've won ₹38160! Claim within 24hrs. Call +91-8561609608 or SMS WIN to 56789.,1
894,₹40676 का लेनदेन Zomato पर हुआ। बैलेंस: ₹103865,0
915,Your flight AI-8859 departs at 6:30 AM from Terminal 2. Check-in open.,0
811,Your order #7495 has been delivered. Rate your experience on the app.,0
245,Congratulations! Your UPI ID won ₹56979. Verify at http://upi-winner.tk to receive.,1
823,Your order #5259 has been delivered. Rate your experience on the app.,0
322,अभिनंदन! ₹55596 तुमच्या खात्यात जमा होतील. verify करा: http://upi.ml,1
644,₹9009 का लेनदेन Amazon पर हुआ। बैलेंस: ₹123570,0
159,तुरंत: आपका UPI खाता बंद हो जाएगा। OTP 457006 दें।,1
978,Exam results declared. Log in to portal to check your score.,0
430,URGENT: Your bank a/c will be blocked. Send OTP 433180 to our executive immediately.,1
942,Your OTP for login is 909497. Valid for 10 minutes. Do NOT share with anyone.,0
463,लोन ऑफर: ₹81233 तुरंत मिलेगा। कोई दस्तावेज़ नहीं। अभी apply करें।,1
310,मुफ्त! आपने ₹56633 जीते! 24 घंटे में दावा करें। कॉल करें +91-8166595527,1
698,₹45636 का लेनदेन Amazon पर हुआ। बैलेंस: ₹30492,0
61,Your CIBIL score is low. Get instant loan ₹30649. No documents. Click: http://loan-app.cf,1
885,Meeting at 3 PM today. Conference room B. Please bring your laptop.,0
596,Meeting at 3 PM today. Conference room B. Please bring your laptop.,0
768,Your order #908 has been delivered. Rate your experience on the app.,0
650,Transaction of ₹36902 done at Reliance. Available bal: ₹64518.,0
651,₹11619 का लेनदेन Reliance पर हुआ। बैलेंस: ₹53560,0
866,₹29652 का लेनदेन Reliance पर हुआ। बैलेंस: ₹161147,0
669,Library book return due on 28-11-2025. Please return to avoid fine.,0
299,Job offer! Earn ₹9238/day from home. No experience needed. Register: http://earn-home.ml,1
690,आपका OTP 857905 है। 10 मिनट में expire होगा। किसी को न बताएं।,0
315,"Dear customer, ₹18319 credited to your account as cashback. Verify: http://cashback.ml/20617",1
311,लोन ऑफर: ₹94989 लगेच मिळेल. कोणतेही कागदपत्र नाही. आत्ता apply करा.,1
362,"Dear customer, ₹18373 credited to your account as cashback. Verify: http://cashback.ml/97185",1
480,तुरंत: आपका UPI खाता बंद हो जाएगा। OTP 707707 दें।,1
111,Congratulations! Your UPI ID won ₹15726. Verify at http://upi-winner.tk to receive.,1
990,तुमचा OTP 592780 आहे. 10 मिनिटात expire होईल. कोणालाही सांगू नका.,0
487,FREE msg: You've won ₹58740! Claim within 24hrs. Call +91-8279305494 or SMS WIN to 56789.,1
364,SIM card upgrade required. Your BSNL SIM will deactivate. Update: http://sim-update.tk/83313,1
255,SIM card upgrade required. Your BSNL SIM will deactivate. Update: http://sim-update.tk/75261,1
260,मुफ्त! आपने ₹21002 जीते! 24 घंटे में दावा करें। कॉल करें +91-7898143217,1
803,आज 3 बजे मीटिंग है। कॉन्फ्रेंस रूम B में। लैपटॉप लेकर आएं।,0
678,Transaction of ₹18189 done at BigBazaar. Available bal: ₹9502.,0
495,तातडीचे: तुमचे UPI खाते बंद होईल. OTP 316277 द्या.,1
671,Library book return due on 18-01-2025. Please return to avoid fine.,0
378,URGENT: Your bank a/c will be blocked. Send OTP 982347 to our executive immediately.,1
527,Reminder: EMI of ₹29860 due on 16-04-2025. Auto-debit will happen.,0
846,Exam results declared. Log in to portal to check your score.,0
138,FREE msg: You've won ₹87804! Claim within 24hrs. Call +91-9577360105 or SMS WIN to 56789.,1
356,URGENT: Your bank a/c will be blocked. Send OTP 415997 to our executive immediately.,1
366,Congratulations! Your UPI ID won ₹34721. Verify at http://upi-winner.tk to receive.,1
943,Your order #2786 has been delivered. Rate your experience on the app.,0
750,Doctor appointment confirmed for 07-04-2025 at 11 AM with Dr. Amit.,0
949,आपका OTP 247525 है। 10 मिनट में expire होगा। किसी को न बताएं।,0
830,Happy Birthday Rajesh! Wishing you a wonderful day.,0
657,Reminder: EMI of ₹23019 due on 03-08-2025. Auto-debit will happen.,0
200,LOTTERY: You've been selected as a winner! Prize: ₹87333. Pay ₹500 processing fee to claim.,1
214,तुमचे आधार कार्ड गुन्ह्याशी जोडले आहे. लगेच call करा +91-8785463318,1
409,Job offer! Earn ₹78915/day from home. No experience needed. Register: http://earn-home.ml,1
333,Aadhaar linked with crime. Call CBI officer at +91-8802982537 immediately. Ignore at your risk.,1
209,लोन ऑफर: ₹44470 तुरंत मिलेगा। कोई दस्तावेज़ नहीं। अभी apply करें।,1
614,₹1679 का लेनदेन Reliance पर हुआ। बैलेंस: ₹178504,0
79,तुरंत: आपका UPI खाता बंद हो जाएगा। OTP 550779 दें।,1
30,URGENT: Your bank a/c will be blocked. Send OTP 550087 to our executive immediately.,1
536,Exam results declared. Log in to portal to check your score.,0
696,तुमचा OTP 526321 आहे. 10 मिनिटात expire होईल. कोणालाही सांगू नका.,0
558,Meeting at 3 PM today. Conference room B. Please bring your laptop.,0
837,Exam results declared. Log in to portal to check your score.,0
597,Library book return due on 07-01-2025. Please return to avoid fine.,0
166,Aadhaar linked with crime. Call CBI officer at +91-8610478031 immediately. Ignore at your risk.,1
919,आपका OTP 764049 है। 10 मिनट में expire होगा। किसी को न बताएं।,0
496,बधाई! ₹38899 आपके खाते में भेजे जाएंगे। अभी verify करें: http://upi.ml,1
825,₹3945 का लेनदेन Swiggy पर हुआ। बैलेंस: ₹69776,0
66,URGENT: Your bank a/c will be blocked. Send OTP 679896 to our executive immediately.,1
142,Your CIBIL score is low. Get instant loan ₹22545. No documents. Click: http://loan-app.cf,1
926,Library book return due on 21-09-2025. Please return to avoid fine.,0
828,आज 3 बजे मीटिंग है। कॉन्फ्रेंस रूम B में। लैपटॉप लेकर आएं।,0
656,Your order #8157 has been delivered. Rate your experience on the app.,0
332,बधाई! ₹39525 आपके खाते में भेजे जाएंगे। अभी verify करें: http://upi.ml,1
665,Library book return due on 11-11-2025. Please return to avoid fine.,0
250,Your CIBIL score is low. Get instant loan ₹15290. No documents. Click: http://loan-app.cf,1
908,आज 3 बजे मीटिंग है। कॉन्फ्रेंस रूम B में। लैपटॉप लेकर आएं।,0
709,आज 3 बजे मीटिंग है। कॉन्फ्रेंस रूम B में। लैपटॉप लेकर आएं।,0
306,तुरंत: आपका UPI खाता बंद हो जाएगा। OTP 429075 दें।,1
735,Happy Birthday Rahul! Wishing you a wonderful day.,0
976,Your OTP for login is 445849. Valid for 10 minutes. Do NOT share with anyone.,0
50,तातडीचे: तुमचे UPI खाते बंद होईल. OTP 367865 द्या.,1
897,Your OTP for login is 898112. Valid for 10 minutes. Do NOT share with anyone.,0
3,अभिनंदन! ₹80898 तुमच्या खात्यात जमा होतील. verify करा: http://upi.ml,1
545,₹33962 का लेनदेन Petrol Pump पर हुआ। बैलेंस: ₹78998,0
351,FREE msg: You've won ₹69420! Claim within 24hrs. Call +91-9903490807 or SMS WIN to 56789.,1
905,आपका OTP 850401 है। 10 मिनट में expire होगा। किसी को न बताएं।,0
537,Transaction of ₹37096 done at Zomato. Available bal: ₹29149.,0
345,तुमचे आधार कार्ड गुन्ह्याशी जोडले आहे. लगेच call करा +91-8497573234,1
995,तुमचा OTP 985662 आहे. 10 मिनिटात expire होईल. कोणालाही सांगू नका.,0
482,Your CIBIL score is low. Get instant loan ₹96762. No documents. Click: http://loan-app.cf,1
576,Reminder: EMI of ₹17084 due on 15-02-2025. Auto-debit will happen.,0
34,तुमचे आधार कार्ड गुन्ह्याशी जोडले आहे. लगेच call करा +91-7364500073,1
32,SIM card upgrade required. Your Airtel SIM will deactivate. Update: http://sim-update.tk/26368,1
232,अभिनंदन! ₹96831 तुमच्या खात्यात जमा होतील. verify करा: http://upi.ml,1
964,तुमचा OTP 141953 आहे. 10 मिनिटात expire होईल. कोणालाही सांगू नका.,0
193,"Dear customer, ₹50532 credited to your account as cashback. Verify: http://cashback.ml/6827",1
334,तुरंत: आपका UPI खाता बंद हो जाएगा। OTP 135415 दें।,1
4,URGENT: Your bank a/c will be blocked. Send OTP 374864 to our executive immediately.,1
205,LOTTERY: You've been selected as a winner! Prize: ₹5233. Pay ₹500 processing fee to claim.,1
515,₹11782 चा व्यवहार Reliance येथे झाला. शिल्लक: ₹49296,0
800,Your OTP for login is 190746. Valid for 10 minutes. Do NOT share with anyone.,0
307,मोफत! तुम्ही ₹6402 जिंकले! 24 तासात दावा करा. कॉल करा +91-8552768669,1
110,FREE msg: You've won ₹63607! Claim within 24hrs. Call +91-7283085972 or SMS WIN to 56789.,1
431,Job offer! Earn ₹57633/day from home. No experience needed. Register: http://earn-home.ml,1
78,तुमचे आधार कार्ड गुन्ह्याशी जोडले आहे. लगेच call करा +91-7180206801,1
85,Your CIBIL score is low. Get instant loan ₹48081. No documents. Click: http://loan-app.cf,1
287,SIM card upgrade required. Your BSNL SIM will deactivate. Update: http://sim-update.tk/2855,1
83,मोफत! तुम्ही ₹69855 जिंकले! 24 तासात दावा करा. कॉल करा +91-9929718301,1
992,Your OTP for login is 281779. Valid for 10 minutes. Do NOT share with anyone.,0
790,Reminder: EMI of ₹7367 due on 27-01-2025. Auto-debit will happen.,0
895,Your OTP for login is 778022. Valid for 10 minutes. Do NOT share with anyone.,0
399,अभिनंदन! ₹58264 तुमच्या खात्यात जमा होतील. verify करा: http://upi.ml,1
324,तुमचे आधार कार्ड गुन्ह्याशी जोडले आहे. लगेच call करा +91-9705680237,1
520,Transaction of ₹46074 done at BigBazaar. Available bal: ₹157220.,0
917,Your OTP for login is 446705. Valid for 10 minutes. Do NOT share with anyone.,0
923,Exam results declared. Log in to portal to check your score.,0
6,मुफ्त! आपने ₹70953 जीते! 24 घंटे में दावा करें। कॉल करें +91-7125345198,1
732,Your flight AI-3035 departs at 6:30 AM from Terminal 2. Check-in open.,0
466,अभिनंदन! ₹27606 तुमच्या खात्यात जमा होतील. verify करा: http://upi.ml,1
98,आपका आधार कार्ड crime से लिंक है। तुरंत call करें +91-8135305064,1
267,आपका आधार कार्ड crime से लिंक है। तुरंत call करें +91-7478782008,1
358,मुफ्त! आपने ₹62446 जीते! 24 घंटे में दावा करें। कॉल करें +91-9515154827,1
869,Meeting at 3 PM today. Conference room B. Please bring your laptop.,0
799,आज 3 बजे मीटिंग है। कॉन्फ्रेंस रूम B में। लैपटॉप लेकर आएं।,0
381,बधाई! ₹44846 आपके खाते में भेजे जाएंगे। अभी verify करें: http://upi.ml,1
632,₹40586 का लेनदेन Swiggy पर हुआ। बैलेंस: ₹12725,0
382,Your CIBIL score is low. Get instant loan ₹26579. No documents. Click: http://loan-app.cf,1
491,Aadhaar linked with crime. Call CBI officer at +91-9919356546 immediately. Ignore at your risk.,1
119,लोन ऑफर: ₹78238 तुरंत मिलेगा। कोई दस्तावेज़ नहीं। अभी apply करें।,1
901,₹18612 चा व्यवहार Swiggy येथे झाला. शिल्लक: ₹182416,0
251,LOTTERY: You've been selected as a winner! Prize: ₹31904. Pay ₹500 processing fee to claim.,1
524,Doctor appointment confirmed for 05-12-2025 at 11 AM with Dr. Priya.,0
10,लोन ऑफर: ₹44606 तुरंत मिलेगा। कोई दस्तावेज़ नहीं। अभी apply करें।,1
197,"Dear customer, ₹67859 credited to your account as cashback. Verify: http://cashback.ml/95684",1
604,Your order #7843 has been delivered. Rate your experience on the app.,0
82,अभिनंदन! ₹57313 तुमच्या खात्यात जमा होतील. verify करा: http://upi.ml,1
784,Meeting at 3 PM today. Conference room B. Please bring your laptop.,0
588,Your OTP for login is 374691. Valid for 10 minutes. Do NOT share with anyone.,0
798,आज 3 बजे मीटिंग है। कॉन्फ्रेंस रूम B में। लैपटॉप लेकर आएं।,0
240,बधाई! ₹4168 आपके खाते में भेजे जाएंगे। अभी verify करें: http://upi.ml,1
291,अभिनंदन! ₹34352 तुमच्या खात्यात जमा होतील. verify करा: http://upi.ml,1
212,बधाई! ₹77119 आपके खाते में भेजे जाएंगे। अभी verify करें: http://upi.ml,1
718,Your order #2366 has been delivered. Rate your experience on the app.,0
360,Aadhaar linked with crime. Call CBI officer at +91-7275257124 immediately. Ignore at your risk.,1
450,Your CIBIL score is low. Get instant loan ₹10343. No documents. Click: http://loan-app.cf,1
228,LOTTERY: You've been selected as a winner! Prize: ₹57364. Pay ₹500 processing fee to claim.,1
951,Library book return due on 10-08-2025. Please return to avoid fine.,0
947,Exam results declared. Log in to portal to check your score.,0
797,आपका OTP 507226 है। 10 मिनट में expire होगा। किसी को न बताएं।,0
502,आज 3 बजे मीटिंग है। कॉन्फ्रेंस रूम B में। लैपटॉप लेकर आएं।,0
465,Your CIBIL score is low. Get instant loan ₹60450. No documents. Click: http://loan-app.cf,1
363,मुफ्त! आपने ₹52074 जीते! 24 घंटे में दावा करें। कॉल करें +91-8530035022,1
469,Your CIBIL score is low. Get instant loan ₹52620. No documents. Click: http://loan-app.cf,1
936,Your order #1027 has been delivered. Rate your experience on the app.,0
429,"Dear customer, ₹9850 credited to your account as cashback. Verify: http://cashback.ml/54806",1
8,लोन ऑफर: ₹17651 तुरंत मिलेगा। कोई दस्तावेज़ नहीं। अभी apply करें।,1
156,Congratulations! Your UPI ID won ₹9938. Verify at http://upi-winner.tk to receive.,1
542,Library book return due on 08-10-2025. Please return to avoid fine.,0
441,Aadhaar linked with crime. Call CBI officer at +91-7446595829 immediately. Ignore at your risk.,1
483,बधाई! ₹49897 आपके खाते में भेजे जाएंगे। अभी verify करें: http://upi.ml,1
423,लोन ऑफर: ₹83686 तुरंत मिलेगा। कोई दस्तावेज़ नहीं। अभी apply करें।,1
779,Meeting at 3 PM today. Conference room B. Please bring your laptop.,0
950,Reminder: EMI of ₹108 due on 20-04-2025. Auto-debit will happen.,0
335,URGENT: Your bank a/c will be blocked. Send OTP 356129 to our executive immediately.,1
577,Doctor appointment confirmed for 19-01-2025 at 11 AM with Dr. Pooja.,0
935,Doctor appointment confirmed for 09-05-2025 at 11 AM with Dr. Sneha.,0
568,Your flight AI-6537 departs at 6:30 AM from Terminal 2. Check-in open.,0
595,Transaction of ₹19665 done at Reliance. Available bal: ₹38788.,0
531,Library book return due on 04-09-2025. Please return to avoid fine.,0
582,आज 3 बजे मीटिंग है। कॉन्फ्रेंस रूम B में। लैपटॉप लेकर आएं।,0
708,Meeting at 3 PM today. Conference room B. Please bring your laptop.,0
449,"Dear customer, ₹80521 credited to your account as cashback. Verify: http://cashback.ml/58162",1
454,LOTTERY: You've been selected as a winner! Prize: ₹53748. Pay ₹500 processing fee to claim.,1
229,Police Case registered against you. Pay ₹28869 fine immediately to avoid arrest: +91-8764955203,1
353,LOTTERY: You've been selected as a winner! Prize: ₹79856. Pay ₹500 processing fee to claim.,1
729,Transaction of ₹5015 done at Zomato. Available bal: ₹122841.,0
213,LOTTERY: You've been selected as a winner! Prize: ₹9811. Pay ₹500 processing fee to claim.,1
80,Aadhaar linked with crime. Call CBI officer at +91-7604846138 immediately. Ignore at your risk.,1
149,Aadhaar linked with crime. Call CBI officer at +91-9114466913 immediately. Ignore at your risk.,1
303,LOTTERY: You've been selected as a winner! Prize: ₹2276. Pay ₹500 processing fee to claim.,1
629,Doctor appointment confirmed for 04-05-2025 at 11 AM with Dr. Vivek.,0
778,Your flight AI-1413 departs at 6:30 AM from Terminal 2. Check-in open.,0
507,आपका OTP 313181 है। 10 मिनट में expire होगा। किसी को न बताएं।,0
343,लोन ऑफर: ₹39783 तुरंत मिलेगा। कोई दस्तावेज़ नहीं। अभी apply करें।,1
486,मुफ्त! आपने ₹43249 जीते! 24 घंटे में दावा करें। कॉल करें +91-7959992610,1
712,Happy Birthday Rajesh! Wishing you a wonderful day.,0
134,बधाई! ₹47699 आपके खाते में भेजे जाएंगे। अभी verify करें: http://upi.ml,1
704,Happy Birthday Anita! Wishing you a wonderful day.,0
312,आपका आधार कार्ड crime से लिंक है। तुरंत call करें +91-9133100476,1
723,₹21554 का लेनदेन Petrol Pump पर हुआ। बैलेंस: ₹157285,0
630,आज 3 बजे मीटिंग है। कॉन्फ्रेंस रूम B में। लैपटॉप लेकर आएं।,0
1,लोन ऑफर: ₹39970 लगेच मिळेल. कोणतेही कागदपत्र नाही. आत्ता apply करा.,1
317,तुमचे आधार कार्ड गुन्ह्याशी जोडले आहे. लगेच call करा +91-8987527951,1
707,Reminder: EMI of ₹24766 due on 25-11-2025. Auto-debit will happen.,0
548,₹40024 का लेनदेन DMart पर हुआ। बैलेंस: ₹174102,0
873,Meeting at 3 PM today. Conference room B. Please bring your laptop.,0
533,Exam results declared. Log in to portal to check your score.,0
478,Job offer! Earn ₹10338/day from home. No experience needed. Register: http://earn-home.ml,1
405,"Dear customer, ₹17538 credited to your account as cashback. Verify: http://cashback.ml/7179",1
173,Job offer! Earn ₹40832/day from home. No experience needed. Register: http://earn-home.ml,1
126,SIM card upgrade required. Your Airtel SIM will deactivate. Update: http://sim-update.tk/34558,1
395,URGENT: Your bank a/c will be blocked. Send OTP 971707 to our executive immediately.,1
421,Congratulations! Your UPI ID won ₹80726. Verify at http://upi-winner.tk to receive.,1
553,Doctor appointment confirmed for 09-06-2025 at 11 AM with Dr. Rahul.,0
904,Happy Birthday Rahul! Wishing you a wonderful day.,0
91,मुफ्त! आपने ₹67411 जीते! 24 घंटे में दावा करें। कॉल करें +91-8350142636,1
940,Exam results declared. Log in to portal to check your score.,0
182,लोन ऑफर: ₹88454 तुरंत मिलेगा। कोई दस्तावेज़ नहीं। अभी apply करें।,1
275,Your CIBIL score is low. Get instant loan ₹5098. No documents. Click: http://loan-app.cf,1
896,₹925 चा व्यवहार Flipkart येथे झाला. शिल्लक: ₹188911,0
70,"Dear customer, ₹5070 credited to your account as cashback. Verify: http://cashback.ml/97119",1
292,आपका आधार कार्ड crime से लिंक है। तुरंत call करें +91-8128097218,1
132,बधाई! ₹18574 आपके खाते में भेजे जाएंगे। अभी verify करें: http://upi.ml,1
301,"Dear customer, ₹31474 credited to your account as cashback. Verify: http://cashback.ml/88687",1
425,मोफत! तुम्ही ₹42299 जिंकले! 24 तासात दावा करा. कॉल करा +91-7732276273,1
327,"Dear customer, ₹77320 credited to your account as cashback. Verify: http://cashback.ml/4082",1
145,मुफ्त! आपने ₹74672 जीते! 24 घंटे में दावा करें। कॉल करें +91-8534782468,1
424,लोन ऑफर: ₹31062 तुरंत मिलेगा। कोई दस्तावेज़ नहीं। अभी apply करें।,1
581,Reminder: EMI of ₹1494 due on 26-09-2025. Auto-debit will happen.,0
136,FREE msg: You've won ₹78365! Claim within 24hrs. Call +91-7146090311 or SMS WIN to 56789.,1
451,Congratulations! Your UPI ID won ₹6460. Verify at http://upi-winner.tk to receive.,1
165,LOTTERY: You've been selected as a winner! Prize: ₹94433. Pay ₹500 processing fee to claim.,1
29,तातडीचे: तुमचे UPI खाते बंद होईल. OTP 479615 द्या.,1
774,Your flight AI-7755 departs at 6:30 AM from Terminal 2. Check-in open.,0
194,मुफ्त! आपने ₹31476 जीते! 24 घंटे में दावा करें। कॉल करें +91-9056216493,1
389,मुफ्त! आपने ₹33153 जीते! 24 घंटे में दावा करें। कॉल करें +91-7243376637,1
853,₹14703 चा व्यवहार Zomato येथे झाला. शिल्लक: ₹121200,0
170,Police Case registered against you. Pay ₹17540 fine immediately to avoid arrest: +91-8680032283,1
706,Meeting at 3 PM today. Conference room B. Please bring your laptop.,0
141,Aadhaar linked with crime. Call CBI officer at +91-8912055932 immediately. Ignore at your risk.,1
174,FREE msg: You've won ₹97130! Claim within 24hrs. Call +91-7137216882 or SMS WIN to 56789.,1
7,मुफ्त! आपने ₹29431 जीते! 24 घंटे में दावा करें। कॉल करें +91-7825868589,1
746,Your OTP for login is 574631. Valid for 10 minutes. Do NOT share with anyone.,0
479,लोन ऑफर: ₹15806 तुरंत मिलेगा। कोई दस्तावेज़ नहीं। अभी apply करें।,1
74,बधाई! ₹55823 आपके खाते में भेजे जाएंगे। अभी verify करें: http://upi.ml,1
911,Reminder: EMI of ₹47705 due on 28-09-2025. Auto-debit will happen.,0
814,तुमचा OTP 642668 आहे. 10 मिनिटात expire होईल. कोणालाही सांगू नका.,0
239,Congratulations! Your UPI ID won ₹10813. Verify at http://upi-winner.tk to receive.,1
146,लोन ऑफर: ₹92202 तुरंत मिलेगा। कोई दस्तावेज़ नहीं। अभी apply करें।,1
793,Transaction of ₹27992 done at Reliance. Available bal: ₹173762.,0
235,Police Case registered against you. Pay ₹29414 fine immediately to avoid arrest: +91-7863345113,1
221,आपका आधार कार्ड crime से लिंक है। तुरंत call करें +91-7174287090,1
924,₹32409 चा व्यवहार Zomato येथे झाला. शिल्लक: ₹78404,0
501,Your OTP for login is 980664. Valid for 10 minutes. Do NOT share with anyone.,0
133,URGENT: Your bank a/c will be blocked. Send OTP 390141 to our executive immediately.,1
991,Your order #8499 has been delivered. Rate your experience on the app.,0
775,Exam results declared. Log in to portal to check your score.,0
186,Job offer! Earn ₹94045/day from home. No experience needed. Register: http://earn-home.ml,1
42,मुफ्त! आपने ₹30583 जीते! 24 घंटे में दावा करें। कॉल करें +91-8312471946,1
697,Your order #4721 has been delivered. Rate your experience on the app.,0
109,Congratulations! Your UPI ID won ₹18358. Verify at http://upi-winner.tk to receive.,1
589,₹23437 का लेनदेन Petrol Pump पर हुआ। बैलेंस: ₹119019,0
57,लोन ऑफर: ₹14027 लगेच मिळेल. कोणतेही कागदपत्र नाही. आत्ता apply करा.,1
406,तातडीचे: तुमचे UPI खाते बंद होईल. OTP 144002 द्या.,1
443,बधाई! ₹41041 आपके खाते में भेजे जाएंगे। अभी verify करें: http://upi.ml,1
758,Your OTP for login is 223631. Valid for 10 minutes. Do NOT share with anyone.,0
998,Library book return due on 21-11-2025. Please return to avoid fine.,0
25,Job offer! Earn ₹56871/day from home. No experience needed. Register: http://earn-home.ml,1
468,"Dear customer, ₹83220 credited to your account as cashback. Verify: http://cashback.ml/99309",1
540,Meeting at 3 PM today. Conference room B. Please bring your laptop.,0
532,Transaction of ₹4598 done at Amazon. Available bal: ₹181454.,0
619,₹32881 चा व्यवहार Flipkart येथे झाला. शिल्लक: ₹138761,0
695,Doctor appointment confirmed for 03-06-2025 at 11 AM with Dr. Priya.,0
927,Your flight AI-5509 departs at 6:30 AM from Terminal 2. Check-in open.,0
339,LOTTERY: You've been selected as a winner! Prize: ₹75120. Pay ₹500 processing fee to claim.,1
52,तुमचे आधार कार्ड गुन्ह्याशी जोडले आहे. लगेच call करा +91-8314582306,1
508,आज 3 बजे मीटिंग है। कॉन्फ्रेंस रूम B में। लैपटॉप लेकर आएं।,0
517,Reminder: EMI of ₹25580 due on 22-06-2025. Auto-debit will happen.,0
921,Meeting at 3 PM today. Conference room B. Please bring your laptop.,0
782,तुमचा OTP 277762 आहे. 10 मिनिटात expire होईल. कोणालाही सांगू नका.,0
265,आपका आधार कार्ड crime से लिंक है। तुरंत call करें +91-8945475662,1
818,Reminder: EMI of ₹38906 due on 07-01-2025. Auto-debit will happen.,0
711,तुमचा OTP 624330 आहे. 10 मिनिटात expire होईल. कोणालाही सांगू नका.,0
683,₹41301 चा व्यवहार DMart येथे झाला. शिल्लक: ₹32583,0
833,Transaction of ₹23613 done at Swiggy. Available bal: ₹149263.,0
519,Your flight AI-5796 departs at 6:30 AM from Terminal 2. Check-in open.,0
448,तुमचे आधार कार्ड गुन्ह्याशी जोडले आहे. लगेच call करा +91-7555344321,1
19,लोन ऑफर: ₹68168 लगेच मिळेल. कोणतेही कागदपत्र नाही. आत्ता apply करा.,1
716,Your OTP for login is 570490. Valid for 10 minutes. Do NOT share with anyone.,0
484,Your CIBIL score is low. Get instant loan ₹80668. No documents. Click: http://loan-app.cf,1
569,आपका OTP 240534 है। 10 मिनट में expire होगा। किसी को न बताएं।,0
434,तुमचे आधार कार्ड गुन्ह्याशी जोडले आहे. लगेच call करा +91-7116255505,1
368,Congratulations! Your UPI ID won ₹9999. Verify at http://upi-winner.tk to receive.,1
84,तुमचे आधार कार्ड गुन्ह्याशी जोडले आहे. लगेच call करा +91-8563730457,1
62,तातडीचे: तुमचे UPI खाते बंद होईल. OTP 555051 द्या.,1
639,Happy Birthday Vivek! Wishing you a wonderful day.,0
273,Job offer! Earn ₹75691/day from home. No experience needed. Register: http://earn-home.ml,1
286,बधाई! ₹80078 आपके खाते में भेजे जाएंगे। अभी verify करें: http://upi.ml,1
361,लोन ऑफर: ₹7657 लगेच मिळेल. कोणतेही कागदपत्र नाही. आत्ता apply करा.,1
355,LOTTERY: You've been selected as a winner! Prize: ₹8522. Pay ₹500 processing fee to claim.,1
457,URGENT: Your bank a/c will be blocked. Send OTP 542759 to our executive immediately.,1
279,तुरंत: आपका UPI खाता बंद हो जाएगा। OTP 745262 दें।,1
13,"Dear customer, ₹23425 credited to your account as cashback. Verify: http://cashback.ml/24729",1
183,आपका आधार कार्ड crime से लिंक है। तुरंत call करें +91-8519229233,1
369,URGENT: Your bank a/c will be blocked. Send OTP 292484 to our executive immediately.,1
882,Transaction of ₹12825 done at Zomato. Available bal: ₹127395.,0
616,₹38205 चा व्यवहार Reliance येथे झाला. शिल्लक: ₹24833,0
224,Aadhaar linked with crime. Call CBI officer at +91-7155382221 immediately. Ignore at your risk.,1
573,Your flight AI-802 departs at 6:30 AM from Terminal 2. Check-in open.,0
971,Meeting at 3 PM today. Conference room B. Please bring your laptop.,0
654,Exam results declared. Log in to portal to check your score.,0
546,Library book return due on 25-09-2025. Please return to avoid fine.,0
583,Reminder: EMI of ₹38808 due on 17-08-2025. Auto-debit will happen.,0
634,Your OTP for login is 153123. Valid for 10 minutes. Do NOT share with anyone.,0
177,Congratulations! Your UPI ID won ₹50835. Verify at http://upi-winner.tk to receive.,1
666,Doctor appointment confirmed for 12-05-2025 at 11 AM with Dr. Amit.,0
674,आज 3 बजे मीटिंग है। कॉन्फ्रेंस रूम B में। लैपटॉप लेकर आएं।,0
586,₹39752 का लेनदेन DMart पर हुआ। बैलेंस: ₹4265,0
874,आपका OTP 443120 है। 10 मिनट में expire होगा। किसी को न बताएं।,0
394,Your CIBIL score is low. Get instant loan ₹87258. No documents. Click: http://loan-app.cf,1
164,Police Case registered against you. Pay ₹6278 fine immediately to avoid arrest: +91-9986942925,1
249,तुरंत: आपका UPI खाता बंद हो जाएगा। OTP 516363 दें।,1
635,Transaction of ₹47483 done at Petrol Pump. Available bal: ₹65046.,0
886,Your order #3112 has been delivered. Rate your experience on the app.,0
670,Reminder: EMI of ₹22209 due on 17-09-2025. Auto-debit will happen.,0
376,LOTTERY: You've been selected as a winner! Prize: ₹86197. Pay ₹500 processing fee to claim.,1
413,Your CIBIL score is low. Get instant loan ₹21936. No documents. Click: http://loan-app.cf,1
75,बधाई! ₹49123 आपके खाते में भेजे जाएंगे। अभी verify करें: http://upi.ml,1
114,आपका आधार कार्ड crime से लिंक है। तुरंत call करें +91-9446034887,1
599,Doctor appointment confirmed for 24-03-2025 at 11 AM with Dr. Anita.,0
962,आपका OTP 779481 है। 10 मिनट में expire होगा। किसी को न बताएं।,0
391,मोफत! तुम्ही ₹22864 जिंकले! 24 तासात दावा करा. कॉल करा +91-8009264953,1
105,LOTTERY: You've been selected as a winner! Prize: ₹36996. Pay ₹500 processing fee to claim.,1
115,URGENT: Your bank a/c will be blocked. Send OTP 948992 to our executive immediately.,1
418,तातडीचे: तुमचे UPI खाते बंद होईल. OTP 633279 द्या.,1
526,Transaction of ₹22119 done at BigBazaar. Available bal: ₹14690.,0
458,Your CIBIL score is low. Get instant loan ₹93067. No documents. Click: http://loan-app.cf,1
410,तुरंत: आपका UPI खाता बंद हो जाएगा। OTP 433803 दें।,1
93,मोफत! तुम्ही ₹39401 जिंकले! 24 तासात दावा करा. कॉल करा +91-8653977153,1
931,Happy Birthday Sneha! Wishing you a wonderful day.,0
90,लोन ऑफर: ₹48805 लगेच मिळेल. कोणतेही कागदपत्र नाही. आत्ता apply करा.,1
337,Police Case registered against you. Pay ₹74561 fine immediately to avoid arrest: +91-8832338920,1
989,Your order #3923 has been delivered. Rate your experience on the app.,0
922,आज 3 बजे मीटिंग है। कॉन्फ्रेंस रूम B में। लैपटॉप लेकर आएं।,0
934,Happy Birthday Pooja! Wishing you a wonderful day.,0
606,तुमचा OTP 844431 आहे. 10 मिनिटात expire होईल. कोणालाही सांगू नका.,0
594,Meeting at 3 PM today. Conference room B. Please bring your laptop.,0
612,Doctor appointment confirmed for 14-11-2025 at 11 AM with Dr. Anita.,0
95,Police Case registered against you. Pay ₹12545 fine immediately to avoid arrest: +91-9613709506,1
12,FREE msg: You've won ₹91567! Claim within 24hrs. Call +91-9900252040 or SMS WIN to 56789.,1
397,मुफ्त! आपने ₹34637 जीते! 24 घंटे में दावा करें। कॉल करें +91-8777772747,1
534,आज 3 बजे मीटिंग है। कॉन्फ्रेंस रूम B में। लैपटॉप लेकर आएं।,0
44,तातडीचे: तुमचे UPI खाते बंद होईल. OTP 462115 द्या.,1
43,तातडीचे: तुमचे UPI खाते बंद होईल. OTP 561941 द्या.,1
330,LOTTERY: You've been selected as a winner! Prize: ₹55663. Pay ₹500 processing fee to claim.,1
168,मुफ्त! आपने ₹1555 जीते! 24 घंटे में दावा करें। कॉल करें +91-7936157736,1
498,तातडीचे: तुमचे UPI खाते बंद होईल. OTP 442535 द्या.,1
877,Library book return due on 21-06-2025. Please return to avoid fine.,0
598,Meeting at 3 PM today. Conference room B. Please bring your laptop.,0
757,Happy Birthday Amit! Wishing you a wonderful day.,0
101,लोन ऑफर: ₹66795 तुरंत मिलेगा। कोई दस्तावेज़ नहीं। अभी apply करें।,1
427,LOTTERY: You've been selected as a winner! Prize: ₹79744. Pay ₹500 processing fee to claim.,1
179,मुफ्त! आपने ₹99359 जीते! 24 घंटे में दावा करें। कॉल करें +91-9416231813,1
445,आपका आधार कार्ड crime से लिंक है। तुरंत call करें +91-9252355590,1
417,Aadhaar linked with crime. Call CBI officer at +91-8297260170 immediately. Ignore at your risk.,1
871,₹43441 का लेनदेन BigBazaar पर हुआ। बैलेंस: ₹60461,0
883,Your OTP for login is 620304. Valid for 10 minutes. Do NOT share with anyone.,0
681,₹49944 चा व्यवहार BigBazaar येथे झाला. शिल्लक: ₹94003,0
178,तुमचे आधार कार्ड गुन्ह्याशी जोडले आहे. लगेच call करा +91-8209419332,1
396,"Dear customer, ₹62927 credited to your account as cashback. Verify: http://cashback.ml/91568",1
912,Transaction of ₹49298 done at Flipkart. Available bal: ₹17652.,0
794,तुमचा OTP 307856 आहे. 10 मिनिटात expire होईल. कोणालाही सांगू नका.,0
961,आपका OTP 595889 है। 10 मिनट में expire होगा। किसी को न बताएं।,0
685,Library book return due on 25-08-2025. Please return to avoid fine.,0
384,मुफ्त! आपने ₹53095 जीते! 24 घंटे में दावा करें। कॉल करें +91-9463665841,1
957,Happy Birthday Vivek! Wishing you a wonderful day.,0
752,Your flight AI-5483 departs at 6:30 AM from Terminal 2. Check-in open.,0
258,मोफत! तुम्ही ₹70076 जिंकले! 24 तासात दावा करा. कॉल करा +91-8530158814,1
539,₹38929 चा व्यवहार DMart येथे झाला. शिल्लक: ₹105199,0
336,Job offer! Earn ₹62137/day from home. No experience needed. Register: http://earn-home.ml,1
16,FREE msg: You've won ₹14086! Claim within 24hrs. Call +91-7339581951 or SMS WIN to 56789.,1
325,Aadhaar linked with crime. Call CBI officer at +91-7132616577 immediately. Ignore at your risk.,1
759,Happy Birthday Vivek! Wishing you a wonderful day.,0
223,तुरंत: आपका UPI खाता बंद हो जाएगा। OTP 709446 दें।,1
180,मुफ्त! आपने ₹74633 जीते! 24 घंटे में दावा करें। कॉल करें +91-7799156163,1
984,Your flight AI-193 departs at 6:30 AM from Terminal 2. Check-in open.,0
23,LOTTERY: You've been selected as a winner! Prize: ₹96241. Pay ₹500 processing fee to claim.,1
357,SIM card upgrade required. Your Vi SIM will deactivate. Update: http://sim-update.tk/55106,1
667,Your OTP for login is 519083. Valid for 10 minutes. Do NOT share with anyone.,0
862,₹16914 का लेनदेन Swiggy पर हुआ। बैलेंस: ₹49757,0
341,FREE msg: You've won ₹23994! Claim within 24hrs. Call +91-8580577351 or SMS WIN to 56789.,1
432,लोन ऑफर: ₹23091 तुरंत मिलेगा। कोई दस्तावेज़ नहीं। अभी apply करें।,1
552,Your order #1969 has been delivered. Rate your experience on the app.,0
834,Transaction of ₹22380 done at Petrol Pump. Available bal: ₹142192.,0
204,FREE msg: You've won ₹88728! Claim within 24hrs. Call +91-7543455055 or SMS WIN to 56789.,1
631,Meeting at 3 PM today. Conference room B. Please bring your laptop.,0
94,"Dear customer, ₹71516 credited to your account as cashback. Verify: http://cashback.ml/85538",1
559,Your OTP for login is 360696. Valid for 10 minutes. Do NOT share with anyone.,0
69,SIM card upgrade required. Your Vi SIM will deactivate. Update: http://sim-update.tk/78162,1
623,आज 3 बजे मीटिंग है। कॉन्फ्रेंस रूम B में। लैपटॉप लेकर आएं।,0
285,Congratulations! Your UPI ID won ₹6916. Verify at http://upi-winner.tk to receive.,1
845,Doctor appointment confirmed for 21-05-2025 at 11 AM with Dr. Priya.,0
435,"Dear customer, ₹25997 credited to your account as cashback. Verify: http://cashback.ml/15020",1
154,FREE msg: You've won ₹36863! Claim within 24hrs. Call +91-8495549753 or SMS WIN to 56789.,1
76,Job offer! Earn ₹37487/day from home. No experience needed. Register: http://earn-home.ml,1
731,Transaction of ₹17677 done at Swiggy. Available bal: ₹145831.,0
447,बधाई! ₹98664 आपके खाते में भेजे जाएंगे। अभी verify करें: http://upi.ml,1
189,FREE msg: You've won ₹90467! Claim within 24hrs. Call +91-8572138736 or SMS WIN to 56789.,1
272,SIM card upgrade required. Your Vi SIM will deactivate. Update: http://sim-update.tk/80195,1
237,URGENT: Your bank a/c will be blocked. Send OTP 347306 to our executive immediately.,1
488,आपका आधार कार्ड crime से लिंक है। तुरंत call करें +91-9694669278,1
118,Aadhaar linked with crime. Call CBI officer at +91-9773946400 immediately. Ignore at your risk.,1
944,Doctor appointment confirmed for 07-04-2025 at 11 AM with Dr. Pooja.,0
513,Library book return due on 02-07-2025. Please return to avoid fine.,0
826,आपका OTP 858422 है। 10 मिनट में expire होगा। किसी को न बताएं।,0
592,Your OTP for login is 751568. Valid for 10 minutes. Do NOT share with anyone.,0
127,मुफ्त! आपने ₹20342 जीते! 24 घंटे में दावा करें। कॉल करें +91-8806793355,1
117,तातडीचे: तुमचे UPI खाते बंद होईल. OTP 689063 द्या.,1
474,तातडीचे: तुमचे UPI खाते बंद होईल. OTP 842650 द्या.,1
694,आज 3 बजे मीटिंग है। कॉन्फ्रेंस रूम B में। लैपटॉप लेकर आएं।,0
58,FREE msg: You've won ₹51866! Claim within 24hrs. Call +91-7674809620 or SMS WIN to 56789.,1
864,Meeting at 3 PM today. Conference room B. Please bring your laptop.,0
913,₹37886 का लेनदेन Swiggy पर हुआ। बैलेंस: ₹72381,0
370,Your CIBIL score is low. Get instant loan ₹88416. No documents. Click: http://loan-app.cf,1
269,तुरंत: आपका UPI खाता बंद हो जाएगा। OTP 644361 दें।,1
47,Congratulations! Your UPI ID won ₹62773. Verify at http://upi-winner.tk to receive.,1
350,Aadhaar linked with crime. Call CBI officer at +91-9469262209 immediately. Ignore at your risk.,1
196,Your CIBIL score is low. Get instant loan ₹67224. No documents. Click: http://loan-app.cf,1
1000,Meeting at 3 PM today. Conference room B. Please bring your laptop.,0
835,Doctor appointment confirmed for 18-09-2025 at 11 AM with Dr. Sneha.,0
737,Meeting at 3 PM today. Conference room B. Please bring your laptop.,0
264,तातडीचे: तुमचे UPI खाते बंद होईल. OTP 878013 द्या.,1
444,URGENT: Your bank a/c will be blocked. Send OTP 697706 to our executive immediately.,1
676,Transaction of ₹47940 done at Swiggy. Available bal: ₹169259.,0
305,बधाई! ₹30546 आपके खाते में भेजे जाएंगे। अभी verify करें: http://upi.ml,1
342,तातडीचे: तुमचे UPI खाते बंद होईल. OTP 533612 द्या.,1
967,₹35599 का लेनदेन Flipkart पर हुआ। बैलेंस: ₹186615,0
150,LOTTERY: You've been selected as a winner! Prize: ₹61277. Pay ₹500 processing fee to claim.,1
125,Job offer! Earn ₹90232/day from home. No experience needed. Register: http://earn-home.ml,1
787,Your order #4980 has been delivered. Rate your experience on the app.,0
51,तुमचे आधार कार्ड गुन्ह्याशी जोडले आहे. लगेच call करा +91-9487987460,1
354,"Dear customer, ₹33160 credited to your account as cashback. Verify: http://cashback.ml/2045",1
928,Exam results declared. Log in to portal to check your score.,0
143,Job offer! Earn ₹41804/day from home. No experience needed. Register: http://earn-home.ml,1
471,LOTTERY: You've been selected as a winner! Prize: ₹87508. Pay ₹500 processing fee to claim.,1
400,LOTTERY: You've been selected as a winner! Prize: ₹44996. Pay ₹500 processing fee to claim.,1
626,₹32321 का लेनदेन Reliance पर हुआ। बैलेंस: ₹180914,0
321,FREE msg: You've won ₹60843! Claim within 24hrs. Call +91-8456504563 or SMS WIN to 56789.,1
20,अभिनंदन! ₹17257 तुमच्या खात्यात जमा होतील. verify करा: http://upi.ml,1
810,₹19341 का लेनदेन Petrol Pump पर हुआ। बैलेंस: ₹59229,0
791,तुमचा OTP 236104 आहे. 10 मिनिटात expire होईल. कोणालाही सांगू नका.,0
809,Happy Birthday Vivek! Wishing you a wonderful day.,0
408,आपका आधार कार्ड crime से लिंक है। तुरंत call करें +91-9081904919,1
538,Reminder: EMI of ₹25103 due on 24-08-2025. Auto-debit will happen.,0
621,Happy Birthday Rahul! Wishing you a wonderful day.,0
39,URGENT: Your bank a/c will be blocked. Send OTP 849478 to our executive immediately.,1
176,तातडीचे: तुमचे UPI खाते बंद होईल. OTP 114621 द्या.,1
246,Your CIBIL score is low. Get instant loan ₹45491. No documents. Click: http://loan-app.cf,1
829,Happy Birthday Sneha! Wishing you a wonderful day.,0
668,Transaction of ₹46647 done at Petrol Pump. Available bal: ₹161552.,0
755,Your OTP for login is 951281. Valid for 10 minutes. Do NOT share with anyone.,0
859,Reminder: EMI of ₹26318 due on 07-03-2025. Auto-debit will happen.,0
155,लोन ऑफर: ₹6477 तुरंत मिलेगा। कोई दस्तावेज़ नहीं। अभी apply करें।,1
288,"Dear customer, ₹20943 credited to your account as cashback. Verify: http://cashback.ml/47428",1
603,Your order #1632 has been delivered. Rate your experience on the app.,0
570,तुमचा OTP 266102 आहे. 10 मिनिटात expire होईल. कोणालाही सांगू नका.,0
744,Happy Birthday Rajesh! Wishing you a wonderful day.,0
18,URGENT: Your bank a/c will be blocked. Send OTP 115743 to our executive immediately.,1
128,Police Case registered against you. Pay ₹72022 fine immediately to avoid arrest: +91-8870122068,1
323,लोन ऑफर: ₹92025 लगेच मिळेल. कोणतेही कागदपत्र नाही. आत्ता apply करा.,1
256,Job offer! Earn ₹86717/day from home. No experience needed. Register: http://earn-home.ml,1
658,Meeting at 3 PM today. Conference room B. Please bring your laptop.,0
965,₹17294 चा व्यवहार DMart येथे झाला. शिल्लक: ₹108904,0
191,मुफ्त! आपने ₹72620 जीते! 24 घंटे में दावा करें। कॉल करें +91-9364813790,1
116,FREE msg: You've won ₹1103! Claim within 24hrs. Call +91-9078192513 or SMS WIN to 56789.,1
617,आज 3 बजे मीटिंग है। कॉन्फ्रेंस रूम B में। लैपटॉप लेकर आएं।,0
607,Doctor appointment confirmed for 27-01-2025 at 11 AM with Dr. Rajesh.,0
181,Aadhaar linked with crime. Call CBI officer at +91-8697548631 immediately. Ignore at your risk.,1
302,Job offer! Earn ₹73754/day from home. No experience needed. Register: http://earn-home.ml,1
760,Meeting at 3 PM today. Conference room B. Please bring your laptop.,0
713,Your order #5043 has been delivered. Rate your experience on the app.,0
724,Your order #1046 has been delivered. Rate your experience on the app.,0
686,₹30767 का लेनदेन Swiggy पर हुआ। बैलेंस: ₹30347,0
980,Your OTP for login is 997912. Valid for 10 minutes. Do NOT share with anyone.,0
518,Doctor appointment confirmed for 28-04-2025 at 11 AM with Dr. Sneha.,0
985,Your OTP for login is 505185. Valid for 10 minutes. Do NOT share with anyone.,0
46,लोन ऑफर: ₹7510 तुरंत मिलेगा। कोई दस्तावेज़ नहीं। अभी apply करें।,1
910,Doctor appointment confirmed for 16-05-2025 at 11 AM with Dr. Rajesh.,0
158,अभिनंदन! ₹47577 तुमच्या खात्यात जमा होतील. verify करा: http://upi.ml,1
852,Meeting at 3 PM today. Conference room B. Please bring your laptop.,0
172,Your CIBIL score is low. Get instant loan ₹87203. No documents. Click: http://loan-app.cf,1
17,Congratulations! Your UPI ID won ₹49325. Verify at http://upi-winner.tk to receive.,1
512,Meeting at 3 PM today. Conference room B. Please bring your laptop.,0
49,Job offer! Earn ₹84864/day from home. No experience needed. Register: http://earn-home.ml,1
972,Library book return due on 01-12-2025. Please return to avoid fine.,0
941,आपका OTP 803125 है। 10 मिनट में expire होगा। किसी को न बताएं।,0
516,Your order #4337 has been delivered. Rate your experience on the app.,0
953,तुमचा OTP 381782 आहे. 10 मिनिटात expire होईल. कोणालाही सांगू नका.,0
481,अभिनंदन! ₹91303 तुमच्या खात्यात जमा होतील. verify करा: http://upi.ml,1
284,Congratulations! Your UPI ID won ₹66989. Verify at http://upi-winner.tk to receive.,1
719,Doctor appointment confirmed for 24-09-2025 at 11 AM with Dr. Rahul.,0
878,₹5682 चा व्यवहार Zomato येथे झाला. शिल्लक: ₹125219,0
226,लोन ऑफर: ₹55135 लगेच मिळेल. कोणतेही कागदपत्र नाही. आत्ता apply करा.,1
27,तुरंत: आपका UPI खाता बंद हो जाएगा। OTP 283320 दें।,1
955,Your OTP for login is 103963. Valid for 10 minutes. Do NOT share with anyone.,0
438,"Dear customer, ₹23161 credited to your account as cashback. Verify: http://cashback.ml/99196",1
952,₹695 चा व्यवहार Petrol Pump येथे झाला. शिल्लक: ₹177335,0
365,FREE msg: You've won ₹73294! Claim within 24hrs. Call +91-8847884395 or SMS WIN to 56789.,1
230,अभिनंदन! ₹91650 तुमच्या खात्यात जमा होतील. verify करा: http://upi.ml,1
38,अभिनंदन! ₹8466 तुमच्या खात्यात जमा होतील. verify करा: http://upi.ml,1
966,Your flight AI-3664 departs at 6:30 AM from Terminal 2. Check-in open.,0
375,LOTTERY: You've been selected as a winner! Prize: ₹75090. Pay ₹500 processing fee to claim.,1
470,अभिनंदन! ₹40438 तुमच्या खात्यात जमा होतील. verify करा: http://upi.ml,1
968,Doctor appointment confirmed for 19-12-2025 at 11 AM with Dr. Anita.,0
851,Transaction of ₹817 done at Flipkart. Available bal: ₹193881.,0
705,Your flight AI-5498 departs at 6:30 AM from Terminal 2. Check-in open.,0
842,Library book return due on 13-03-2025. Please return to avoid fine.,0
195,Congratulations! Your UPI ID won ₹72260. Verify at http://upi-winner.tk to receive.,1
855,Your OTP for login is 238264. Valid for 10 minutes. Do NOT share with anyone.,0
865,Your order #9209 has been delivered. Rate your experience on the app.,0
504,तुमचा OTP 996123 आहे. 10 मिनिटात expire होईल. कोणालाही सांगू नका.,0
970,Your order #6342 has been delivered. Rate your experience on the app.,0
831,Meeting at 3 PM today. Conference room B. Please bring your laptop.,0
580,तुमचा OTP 971820 आहे. 10 मिनिटात expire होईल. कोणालाही सांगू नका.,0
969,Your OTP for login is 395798. Valid for 10 minutes. Do NOT share with anyone.,0
163,Congratulations! Your UPI ID won ₹72161. Verify at http://upi-winner.tk to receive.,1
909,Reminder: EMI of ₹44909 due on 05-01-2025. Auto-debit will happen.,0
153,Aadhaar linked with crime. Call CBI officer at +91-7052419297 immediately. Ignore at your risk.,1
802,Transaction of ₹32619 done at Amazon. Available bal: ₹45097.,0
994,Doctor appointment confirmed for 27-10-2025 at 11 AM with Dr. Pooja.,0
756,Transaction of ₹17759 done at Flipkart. Available bal: ₹198304.,0
112,आपका आधार कार्ड crime से लिंक है। तुरंत call करें +91-9821524038,1
227,Your CIBIL score is low. Get instant loan ₹59956. No documents. Click: http://loan-app.cf,1
689,Happy Birthday Rahul! Wishing you a wonderful day.,0
104,लोन ऑफर: ₹36559 तुरंत मिलेगा। कोई दस्तावेज़ नहीं। अभी apply करें।,1
422,मोफत! तुम्ही ₹34235 जिंकले! 24 तासात दावा करा. कॉल करा +91-9679690424,1
420,तुरंत: आपका UPI खाता बंद हो जाएगा। OTP 495861 दें।,1
751,Your OTP for login is 275922. Valid for 10 minutes. Do NOT share with anyone.,0
587,Your OTP for login is 295338. Valid for 10 minutes. Do NOT share with anyone.,0
781,Library book return due on 06-11-2025. Please return to avoid fine.,0
673,Transaction of ₹24418 done at Amazon. Available bal: ₹82527.,0
120,तुरंत: आपका UPI खाता बंद हो जाएगा। OTP 369579 दें।,1
54,Police Case registered against you. Pay ₹49893 fine immediately to avoid arrest: +91-7998799778,1
152,Congratulations! Your UPI ID won ₹6810. Verify at http://upi-winner.tk to receive.,1
404,SIM card upgrade required. Your Airtel SIM will deactivate. Update: http://sim-update.tk/11001,1
946,Your OTP for login is 295080. Valid for 10 minutes. Do NOT share with anyone.,0
208,तुरंत: आपका UPI खाता बंद हो जाएगा। OTP 143441 दें।,1
659,Happy Birthday Vivek! Wishing you a wonderful day.,0
844,आज 3 बजे मीटिंग है। कॉन्फ्रेंस रूम B में। लैपटॉप लेकर आएं।,0
763,Exam results declared. Log in to portal to check your score.,0
9,बधाई! ₹50472 आपके खाते में भेजे जाएंगे। अभी verify करें: http://upi.ml,1
808,Your flight AI-9628 departs at 6:30 AM from Terminal 2. Check-in open.,0
37,Your CIBIL score is low. Get instant loan ₹10038. No documents. Click: http://loan-app.cf,1
453,तातडीचे: तुमचे UPI खाते बंद होईल. OTP 194421 द्या.,1
652,Your flight AI-6231 departs at 6:30 AM from Terminal 2. Check-in open.,0
254,Your CIBIL score is low. Get instant loan ₹54954. No documents. Click: http://loan-app.cf,1
304,Your CIBIL score is low. Get instant loan ₹53098. No documents. Click: http://loan-app.cf,1
747,Your flight AI-267 departs at 6:30 AM from Terminal 2. Check-in open.,0
572,Reminder: EMI of ₹46289 due on 03-01-2025. Auto-debit will happen.,0
624,Your OTP for login is 628660. Valid for 10 minutes. Do NOT share with anyone.,0
733,Your OTP for login is 288935. Valid for 10 minutes. Do NOT share with anyone.,0
892,Reminder: EMI of ₹39750 due on 17-01-2025. Auto-debit will happen.,0
263,"Dear customer, ₹65671 credited to your account as cashback. Verify: http://cashback.ml/22443",1
611,Doctor appointment confirmed for 26-08-2025 at 11 AM with Dr. Vivek.,0
298,बधाई! ₹32251 आपके खाते में भेजे जाएंगे। अभी verify करें: http://upi.ml,1
415,Police Case registered against you. Pay ₹77977 fine immediately to avoid arrest: +91-9774759257,1
151,लोन ऑफर: ₹88851 लगेच मिळेल. कोणतेही कागदपत्र नाही. आत्ता apply करा.,1
789,Your OTP for login is 654567. Valid for 10 minutes. Do NOT share with anyone.,0
641,Reminder: EMI of ₹47352 due on 23-09-2025. Auto-debit will happen.,0
890,आपका OTP 135773 है। 10 मिनट में expire होगा। किसी को न बताएं।,0
551,आज 3 बजे मीटिंग है। कॉन्फ्रेंस रूम B में। लैपटॉप लेकर आएं।,0
887,तुमचा OTP 425592 आहे. 10 मिनिटात expire होईल. कोणालाही सांगू नका.,0
489,लोन ऑफर: ₹77867 तुरंत मिलेगा। कोई दस्तावेज़ नहीं। अभी apply करें।,1
148,आपका आधार कार्ड crime से लिंक है। तुरंत call करें +91-9652723016,1
147,मुफ्त! आपने ₹28627 जीते! 24 घंटे में दावा करें। कॉल करें +91-7786377498,1
721,Meeting at 3 PM today. Conference room B. Please bring your laptop.,0
932,Your flight AI-6235 departs at 6:30 AM from Terminal 2. Check-in open.,0
740,Reminder: EMI of ₹10341 due on 04-12-2025. Auto-debit will happen.,0
660,Meeting at 3 PM today. Conference room B. Please bring your laptop.,0
349,तुमचे आधार कार्ड गुन्ह्याशी जोडले आहे. लगेच call करा +91-8110157545,1
464,URGENT: Your bank a/c will be blocked. Send OTP 659920 to our executive immediately.,1
326,Your CIBIL score is low. Get instant loan ₹31062. No documents. Click: http://loan-app.cf,1
187,लोन ऑफर: ₹92305 तुरंत मिलेगा। कोई दस्तावेज़ नहीं। अभी apply करें।,1
124,URGENT: Your bank a/c will be blocked. Send OTP 912314 to our executive immediately.,1
854,Doctor appointment confirmed for 08-10-2025 at 11 AM with Dr. Pooja.,0
609,तुमचा OTP 924724 आहे. 10 मिनिटात expire होईल. कोणालाही सांगू नका.,0
144,FREE msg: You've won ₹11338! Claim within 24hrs. Call +91-9864147921 or SMS WIN to 56789.,1
959,Library book return due on 26-01-2025. Please return to avoid fine.,0
198,Your CIBIL score is low. Get instant loan ₹659. No documents. Click: http://loan-app.cf,1
610,Meeting at 3 PM today. Conference room B. Please bring your laptop.,0
280,Job offer! Earn ₹19945/day from home. No experience needed. Register: http://earn-home.ml,1
294,"Dear customer, ₹99378 credited to your account as cashback. Verify: http://cashback.ml/34260",1
401,मुफ्त! आपने ₹78985 जीते! 24 घंटे में दावा करें। कॉल करें +91-7172242129,1
123,SIM card upgrade required. Your Vi SIM will deactivate. Update: http://sim-update.tk/34792,1
184,Police Case registered against you. Pay ₹61047 fine immediately to avoid arrest: +91-8990147366,1
203,लोन ऑफर: ₹47673 तुरंत मिलेगा। कोई दस्तावेज़ नहीं। अभी apply करें।,1
439,तातडीचे: तुमचे UPI खाते बंद होईल. OTP 845777 द्या.,1
247,लोन ऑफर: ₹44021 लगेच मिळेल. कोणतेही कागदपत्र नाही. आत्ता apply करा.,1
416,FREE msg: You've won ₹91248! Claim within 24hrs. Call +91-9317471852 or SMS WIN to 56789.,1
933,आपका OTP 104580 है। 10 मिनट में expire होगा। किसी को न बताएं।,0
766,Your flight AI-1834 departs at 6:30 AM from Terminal 2. Check-in open.,0
907,Transaction of ₹35300 done at Zomato. Available bal: ₹73267.,0
836,आज 3 बजे मीटिंग है। कॉन्फ्रेंस रूम B में। लैपटॉप लेकर आएं।,0
888,Happy Birthday Anita! Wishing you a wonderful day.,0
130,Aadhaar linked with crime. Call CBI officer at +91-9161999877 immediately. Ignore at your risk.,1
638,Transaction of ₹13433 done at Amazon. Available bal: ₹85919.,0
403,तातडीचे: तुमचे UPI खाते बंद होईल. OTP 359423 द्या.,1
785,Exam results declared. Log in to portal to check your score.,0
771,₹16770 का लेनदेन Zomato पर हुआ। बैलेंस: ₹165700,0
736,₹45008 चा व्यवहार BigBazaar येथे झाला. शिल्लक: ₹3825,0
914,Meeting at 3 PM today. Conference room B. Please bring your laptop.,0
220,तुरंत: आपका UPI खाता बंद हो जाएगा। OTP 486478 दें।,1
642,₹42869 चा व्यवहार Petrol Pump येथे झाला. शिल्लक: ₹59324,0
916,Your OTP for login is 236042. Valid for 10 minutes. Do NOT share with anyone.,0
753,Your order #3272 has been delivered. Rate your experience on the app.,0
807,Happy Birthday Sneha! Wishing you a wonderful day.,0
920,Your OTP for login is 326865. Valid for 10 minutes. Do NOT share with anyone.,0
625,Reminder: EMI of ₹12387 due on 06-02-2025. Auto-debit will happen.,0
875,₹21694 चा व्यवहार Reliance येथे झाला. शिल्लक: ₹163813,0
761,Doctor appointment confirmed for 06-07-2025 at 11 AM with Dr. Priya.,0
387,लोन ऑफर: ₹60307 तुरंत मिलेगा। कोई दस्तावेज़ नहीं। अभी apply करें।,1
973,आपका OTP 572310 है। 10 मिनट में expire होगा। किसी को न बताएं।,0
510,Meeting at 3 PM today. Conference room B. Please bring your laptop.,0
268,तुरंत: आपका UPI खाता बंद हो जाएगा। OTP 663095 दें।,1
820,Library book return due on 14-07-2025. Please return to avoid fine.,0
442,तातडीचे: तुमचे UPI खाते बंद होईल. OTP 683293 द्या.,1
497,Aadhaar linked with crime. Call CBI officer at +91-7042418489 immediately. Ignore at your risk.,1
113,लोन ऑफर: ₹11099 तुरंत मिलेगा। कोई दस्तावेज़ नहीं। अभी apply करें।,1
692,Meeting at 3 PM today. Conference room B. Please bring your laptop.,0
233,तुमचे आधार कार्ड गुन्ह्याशी जोडले आहे. लगेच call करा +91-7633588893,1
870,आपका OTP 790198 है। 10 मिनट में expire होगा। किसी को न बताएं।,0
608,Reminder: EMI of ₹26777 due on 27-04-2025. Auto-debit will happen.,0
672,Reminder: EMI of ₹1298 due on 27-02-2025. Auto-debit will happen.,0
374,अभिनंदन! ₹4172 तुमच्या खात्यात जमा होतील. verify करा: http://upi.ml,1
982,Meeting at 3 PM today. Conference room B. Please bring your laptop.,0
843,Doctor appointment confirmed for 27-05-2025 at 11 AM with Dr. Anita.,0
234,Congratulations! Your UPI ID won ₹86747. Verify at http://upi-winner.tk to receive.,1
786,₹40373 का लेनदेन BigBazaar पर हुआ। बैलेंस: ₹20627,0
677,Your OTP for login is 832815. Valid for 10 minutes. Do NOT share with anyone.,0
318,बधाई! ₹5262 आपके खाते में भेजे जाएंगे। अभी verify करें: http://upi.ml,1
649,Doctor appointment confirmed for 14-07-2025 at 11 AM with Dr. Rahul.,0
411,मोफत! तुम्ही ₹13872 जिंकले! 24 तासात दावा करा. कॉल करा +91-7741584057,1
899,Library book return due on 22-05-2025. Please return to avoid fine.,0
710,Your OTP for login is 475498. Valid for 10 minutes. Do NOT share with anyone.,0
359,Job offer! Earn ₹1831/day from home. No experience needed. Register: http://earn-home.ml,1
259,Congratulations! Your UPI ID won ₹48781. Verify at http://upi-winner.tk to receive.,1
745,Your flight AI-9707 departs at 6:30 AM from Terminal 2. Check-in open.,0
628,Your order #9827 has been delivered. Rate your experience on the app.,0
633,Library book return due on 16-05-2025. Please return to avoid fine.,0
283,तुरंत: आपका UPI खाता बंद हो जाएगा। OTP 337646 दें।,1
377,आपका आधार कार्ड crime से लिंक है। तुरंत call करें +91-7276644388,1
385,FREE msg: You've won ₹30610! Claim within 24hrs. Call +91-7094345687 or SMS WIN to 56789.,1
225,SIM card upgrade required. Your Airtel SIM will deactivate. Update: http://sim-update.tk/25715,1
954,Exam results declared. Log in to portal to check your score.,0
815,₹11040 चा व्यवहार DMart येथे झाला. शिल्लक: ₹152221,0
473,तुरंत: आपका UPI खाता बंद हो जाएगा। OTP 872982 दें।,1
348,तुमचे आधार कार्ड गुन्ह्याशी जोडले आहे. लगेच call करा +91-8698753745,1
506,₹49892 का लेनदेन Swiggy पर हुआ। बैलेंस: ₹178949,0
640,Exam results declared. Log in to portal to check your score.,0
988,आज 3 बजे मीटिंग है। कॉन्फ्रेंस रूम B में। लैपटॉप लेकर आएं।,0
929,Your OTP for login is 430193. Valid for 10 minutes. Do NOT share with anyone.,0
906,Transaction of ₹13187 done at Reliance. Available bal: ₹179454.,0
620,Library book return due on 19-02-2025. Please return to avoid fine.,0
856,Your OTP for login is 469025. Valid for 10 minutes. Do NOT share with anyone.,0
804,Your flight AI-6948 departs at 6:30 AM from Terminal 2. Check-in open.,0
646,Meeting at 3 PM today. Conference room B. Please bring your laptop.,0
847,Meeting at 3 PM today. Conference room B. Please bring your laptop.,0
557,आज 3 बजे मीटिंग है। कॉन्फ्रेंस रूम B में। लैपटॉप लेकर आएं।,0
958,Exam results declared. Log in to portal to check your score.,0
578,Exam results declared. Log in to portal to check your score.,0
796,Your flight AI-7700 departs at 6:30 AM from Terminal 2. Check-in open.,0
86,बधाई! ₹3563 आपके खाते में भेजे जाएंगे। अभी verify करें: http://upi.ml,1
243,मुफ्त! आपने ₹26631 जीते! 24 घंटे में दावा करें। कॉल करें +91-8548303939,1
699,Library book return due on 10-02-2025. Please return to avoid fine.,0
160,तुरंत: आपका UPI खाता बंद हो जाएगा। OTP 134873 दें।,1
525,Exam results declared. Log in to portal to check your score.,0
36,मोफत! तुम्ही ₹22745 जिंकले! 24 तासात दावा करा. कॉल करा +91-7131877388,1
541,₹3551 चा व्यवहार BigBazaar येथे झाला. शिल्लक: ₹160800,0
171,आपका आधार कार्ड crime से लिंक है। तुरंत call करें +91-8094233834,1
655,तुमचा OTP 764810 आहे. 10 मिनिटात expire होईल. कोणालाही सांगू नका.,0
891,तुमचा OTP 664357 आहे. 10 मिनिटात expire होईल. कोणालाही सांगू नका.,0
858,Transaction of ₹47079 done at Petrol Pump. Available bal: ₹150410.,0
848,Library book return due on 15-01-2025. Please return to avoid fine.,0
945,Your order #4836 has been delivered. Rate your experience on the app.,0
734,Reminder: EMI of ₹5174 due on 18-01-2025. Auto-debit will happen.,0
96,LOTTERY: You've been selected as a winner! Prize: ₹57613. Pay ₹500 processing fee to claim.,1
564,Transaction of ₹45333 done at Swiggy. Available bal: ₹92404.,0
241,आपका आधार कार्ड crime से लिंक है। तुरंत call करें +91-8676773715,1
743,आपका OTP 150077 है। 10 मिनट में expire होगा। किसी को न बताएं।,0
575,Reminder: EMI of ₹31990 due on 14-03-2025. Auto-debit will happen.,0
691,Your OTP for login is 277960. Valid for 10 minutes. Do NOT share with anyone.,0
461,URGENT: Your bank a/c will be blocked. Send OTP 383275 to our executive immediately.,1
554,₹1585 चा व्यवहार Reliance येथे झाला. शिल्लक: ₹194433,0
889,Transaction of ₹45439 done at Swiggy. Available bal: ₹124321.,0
207,मोफत! तुम्ही ₹47577 जिंकले! 24 तासात दावा करा. कॉल करा +91-7546285964,1
393,Congratulations! Your UPI ID won ₹76721. Verify at http://upi-winner.tk to receive.,1
795,₹28626 का लेनदेन Reliance पर हुआ। बैलेंस: ₹79556,0
398,Police Case registered against you. Pay ₹7059 fine immediately to avoid arrest: +91-8659220378,1
767,Your flight AI-1641 departs at 6:30 AM from Terminal 2. Check-in open.,0
849,Your order #9846 has been delivered. Rate your experience on the app.,0
218,तुमचे आधार कार्ड गुन्ह्याशी जोडले आहे. लगेच call करा +91-8683120631,1
5,Aadhaar linked with crime. Call CBI officer at +91-8819308104 immediately. Ignore at your risk.,1
769,Happy Birthday Anita! Wishing you a wonderful day.,0
643,₹9323 चा व्यवहार Zomato येथे झाला. शिल्लक: ₹9829,0
930,आज 3 बजे मीटिंग है। कॉन्फ्रेंस रूम B में। लैपटॉप लेकर आएं।,0
613,Transaction of ₹8655 done at Swiggy. Available bal: ₹124292.,0
739,₹449 चा व्यवहार Amazon येथे झाला. शिल्लक: ₹142539,0
547,तुमचा OTP 721109 आहे. 10 मिनिटात expire होईल. कोणालाही सांगू नका.,0
726,तुमचा OTP 180713 आहे. 10 मिनिटात expire होईल. कोणालाही सांगू नका.,0
684,Your flight AI-2827 departs at 6:30 AM from Terminal 2. Check-in open.,0
99,Police Case registered against you. Pay ₹17787 fine immediately to avoid arrest: +91-7451984277,1
805,Reminder: EMI of ₹30745 due on 17-07-2025. Auto-debit will happen.,0
728,Meeting at 3 PM today. Conference room B. Please bring your laptop.,0
574,Transaction of ₹12480 done at BigBazaar. Available bal: ₹176447.,0
407,अभिनंदन! ₹55016 तुमच्या खात्यात जमा होतील. verify करा: http://upi.ml,1
503,Happy Birthday Rajesh! Wishing you a wonderful day.,0
48,अभिनंदन! ₹14544 तुमच्या खात्यात जमा होतील. verify करा: http://upi.ml,1
33,आपका आधार कार्ड crime से लिंक है। तुरंत call करें +91-9307543776,1
780,Library book return due on 06-05-2025. Please return to avoid fine.,0
840,आज 3 बजे मीटिंग है। कॉन्फ्रेंस रूम B में। लैपटॉप लेकर आएं।,0
201,Police Case registered against you. Pay ₹37035 fine immediately to avoid arrest: +91-9092828860,1
135,Congratulations! Your UPI ID won ₹48239. Verify at http://upi-winner.tk to receive.,1
28,"Dear customer, ₹88547 credited to your account as cashback. Verify: http://cashback.ml/99458",1
881,आज 3 बजे मीटिंग है। कॉन्फ्रेंस रूम B में। लैपटॉप लेकर आएं।,0
231,"Dear customer, ₹89521 credited to your account as cashback. Verify: http://cashback.ml/68271",1
490,मोफत! तुम्ही ₹3330 जिंकले! 24 तासात दावा करा. कॉल करा +91-9415643663,1
773,आपका OTP 500769 है। 10 मिनट में expire होगा। किसी को न बताएं।,0
379,LOTTERY: You've been selected as a winner! Prize: ₹30434. Pay ₹500 processing fee to claim.,1
289,अभिनंदन! ₹89336 तुमच्या खात्यात जमा होतील. verify करा: http://upi.ml,1
419,FREE msg: You've won ₹36015! Claim within 24hrs. Call +91-8995548904 or SMS WIN to 56789.,1
675,Reminder: EMI of ₹48857 due on 01-04-2025. Auto-debit will happen.,0
392,LOTTERY: You've been selected as a winner! Prize: ₹6616. Pay ₹500 processing fee to claim.,1
593,आज 3 बजे मीटिंग है। कॉन्फ्रेंस रूम B में। लैपटॉप लेकर आएं।,0
499,URGENT: Your bank a/c will be blocked. Send OTP 246319 to our executive immediately.,1
139,Congratulations! Your UPI ID won ₹13622. Verify at http://upi-winner.tk to receive.,1
63,URGENT: Your bank a/c will be blocked. Send OTP 982140 to our executive immediately.,1
472,Job offer! Earn ₹94465/day from home. No experience needed. Register: http://earn-home.ml,1
648,Doctor appointment confirmed for 04-01-2025 at 11 AM with Dr. Pooja.,0
129,आपका आधार कार्ड crime से लिंक है। तुरंत call करें +91-9526669154,1
977,Exam results declared. Log in to portal to check your score.,0
521,Meeting at 3 PM today. Conference room B. Please bring your laptop.,0
839,₹42963 चा व्यवहार DMart येथे झाला. शिल्लक: ₹134956,0
963,Exam results declared. Log in to portal to check your score.,0
65,SIM card upgrade required. Your Vi SIM will deactivate. Update: http://sim-update.tk/13181,1
813,Exam results declared. Log in to portal to check your score.,0
15,बधाई! ₹18107 आपके खाते में भेजे जाएंगे। अभी verify करें: http://upi.ml,1
157,Job offer! Earn ₹86213/day from home. No experience needed. Register: http://earn-home.ml,1
41,अभिनंदन! ₹66434 तुमच्या खात्यात जमा होतील. verify करा: http://upi.ml,1
493,तातडीचे: तुमचे UPI खाते बंद होईल. OTP 940939 द्या.,1
380,Your CIBIL score is low. Get instant loan ₹21731. No documents. Click: http://loan-app.cf,1
188,Congratulations! Your UPI ID won ₹46712. Verify at http://upi-winner.tk to receive.,1
764,Reminder: EMI of ₹6842 due on 20-07-2025. Auto-debit will happen.,0
217,Police Case registered against you. Pay ₹32998 fine immediately to avoid arrest: +91-9324488919,1
792,Your OTP for login is 700249. Valid for 10 minutes. Do NOT share with anyone.,0
53,मोफत! तुम्ही ₹14217 जिंकले! 24 तासात दावा करा. कॉल करा +91-8177855478,1
879,Doctor appointment confirmed for 19-06-2025 at 11 AM with Dr. Amit.,0
338,आपका आधार कार्ड crime से लिंक है। तुरंत call करें +91-7472059673,1
749,आज 3 बजे मीटिंग है। कॉन्फ्रेंस रूम B में। लैपटॉप लेकर आएं।,0
720,Exam results declared. Log in to portal to check your score.,0
725,Library book return due on 12-05-2025. Please return to avoid fine.,0
296,Your CIBIL score is low. Get instant loan ₹23914. No documents. Click: http://loan-app.cf,1
702,Your order #1586 has been delivered. Rate your experience on the app.,0
252,Police Case registered against you. Pay ₹24301 fine immediately to avoid arrest: +91-8652729045,1
727,तुमचा OTP 289716 आहे. 10 मिनिटात expire होईल. कोणालाही सांगू नका.,0
462,अभिनंदन! ₹93532 तुमच्या खात्यात जमा होतील. verify करा: http://upi.ml,1
456,तातडीचे: तुमचे UPI खाते बंद होईल. OTP 216280 द्या.,1
997,Reminder: EMI of ₹2868 due on 12-07-2025. Auto-debit will happen.,0
816,Your OTP for login is 831386. Valid for 10 minutes. Do NOT share with anyone.,0
863,Your OTP for login is 502476. Valid for 10 minutes. Do NOT share with anyone.,0
270,URGENT: Your bank a/c will be blocked. Send OTP 607348 to our executive immediately.,1
202,LOTTERY: You've been selected as a winner! Prize: ₹98713. Pay ₹500 processing fee to claim.,1
162,बधाई! ₹75367 आपके खाते में भेजे जाएंगे। अभी verify करें: http://upi.ml,1
556,Your order #8922 has been delivered. Rate your experience on the app.,0
730,Happy Birthday Anita! Wishing you a wonderful day.,0
402,बधाई! ₹52168 आपके खाते में भेजे जाएंगे। अभी verify करें: http://upi.ml,1
703,Your OTP for login is 441680. Valid for 10 minutes. Do NOT share with anyone.,0
477,FREE msg: You've won ₹83705! Claim within 24hrs. Call +91-9311664195 or SMS WIN to 56789.,1
822,Your flight AI-3462 departs at 6:30 AM from Terminal 2. Check-in open.,0
772,₹19925 का लेनदेन Petrol Pump पर हुआ। बैलेंस: ₹143273,0
106,अभिनंदन! ₹80588 तुमच्या खात्यात जमा होतील. verify करा: http://upi.ml,1
566,तुमचा OTP 887769 आहे. 10 मिनिटात expire होईल. कोणालाही सांगू नका.,0
390,SIM card upgrade required. Your Vi SIM will deactivate. Update: http://sim-update.tk/31255,1
2,Your CIBIL score is low. Get instant loan ₹6654. No documents. Click: http://loan-app.cf,1
938,Doctor appointment confirmed for 04-10-2025 at 11 AM with Dr. Vivek.,0
983,Reminder: EMI of ₹32819 due on 11-06-2025. Auto-debit will happen.,0
562,₹19717 चा व्यवहार Petrol Pump येथे झाला. शिल्लक: ₹56621,0
81,Your CIBIL score is low. Get instant loan ₹51410. No documents. Click: http://loan-app.cf,1
206,LOTTERY: You've been selected as a winner! Prize: ₹29207. Pay ₹500 processing fee to claim.,1
35,SIM card upgrade required. Your Airtel SIM will deactivate. Update: http://sim-update.tk/85549,1
776,तुमचा OTP 874706 आहे. 10 मिनिटात expire होईल. कोणालाही सांगू नका.,0
509,Library book return due on 21-02-2025. Please return to avoid fine.,0
428,लोन ऑफर: ₹95543 लगेच मिळेल. कोणतेही कागदपत्र नाही. आत्ता apply करा.,1
455,लोन ऑफर: ₹91025 लगेच मिळेल. कोणतेही कागदपत्र नाही. आत्ता apply करा.,1
367,Police Case registered against you. Pay ₹91695 fine immediately to avoid arrest: +91-8405554150,1
92,आपका आधार कार्ड crime से लिंक है। तुरंत call करें +91-7387459039,1
340,SIM card upgrade required. Your BSNL SIM will deactivate. Update: http://sim-update.tk/78799,1
898,आपका OTP 319158 है। 10 मिनट में expire होगा। किसी को न बताएं।,0
565,Your order #9021 has been delivered. Rate your experience on the app.,0
346,Job offer! Earn ₹39629/day from home. No experience needed. Register: http://earn-home.ml,1
777,Exam results declared. Log in to portal to check your score.,0
242,मोफत! तुम्ही ₹43861 जिंकले! 24 तासात दावा करा. कॉल करा +91-8947902573,1
14,लोन ऑफर: ₹63200 तुरंत मिलेगा। कोई दस्तावेज़ नहीं। अभी apply करें।,1
316,Congratulations! Your UPI ID won ₹26948. Verify at http://upi-winner.tk to receive.,1
601,Doctor appointment confirmed for 16-04-2025 at 11 AM with Dr. Anita.,0
388,लोन ऑफर: ₹19111 तुरंत मिलेगा। कोई दस्तावेज़ नहीं। अभी apply करें।,1
274,बधाई! ₹69848 आपके खाते में भेजे जाएंगे। अभी verify करें: http://upi.ml,1
167,बधाई! ₹64827 आपके खाते में भेजे जाएंगे। अभी verify करें: http://upi.ml,1
841,Your OTP for login is 567944. Valid for 10 minutes. Do NOT share with anyone.,0
993,Your OTP for login is 738282. Valid for 10 minutes. Do NOT share with anyone.,0
647,Library book return due on 21-03-2025. Please return to avoid fine.,0
819,आपका OTP 561406 है। 10 मिनट में expire होगा। किसी को न बताएं।,0
485,मुफ्त! आपने ₹59248 जीते! 24 घंटे में दावा करें। कॉल करें +91-7876774714,1
981,तुमचा OTP 669380 आहे. 10 मिनिटात expire होईल. कोणालाही सांगू नका.,0
505,₹24384 चा व्यवहार BigBazaar येथे झाला. शिल्लक: ₹4335,0
832,₹44308 चा व्यवहार Zomato येथे झाला. शिल्लक: ₹63234,0
244,लोन ऑफर: ₹62390 लगेच मिळेल. कोणतेही कागदपत्र नाही. आत्ता apply करा.,1
567,Transaction of ₹22009 done at Swiggy. Available bal: ₹102144.,0
876,Your flight AI-1776 departs at 6:30 AM from Terminal 2. Check-in open.,0
563,₹34895 चा व्यवहार Amazon येथे झाला. शिल्लक: ₹131073,0
687,आज 3 बजे मीटिंग है। कॉन्फ्रेंस रूम B में। लैपटॉप लेकर आएं।,0
190,"Dear customer, ₹15188 credited to your account as cashback. Verify: http://cashback.ml/28713",1
783,Doctor appointment confirmed for 13-03-2025 at 11 AM with Dr. Rahul.,0
700,तुमचा OTP 116221 आहे. 10 मिनिटात expire होईल. कोणालाही सांगू नका.,0
476,लोन ऑफर: ₹99527 तुरंत मिलेगा। कोई दस्तावेज़ नहीं। अभी apply करें।,1
682,Doctor appointment confirmed for 27-09-2025 at 11 AM with Dr. Anita.,0
511,Your flight AI-5064 departs at 6:30 AM from Terminal 2. Check-in open.,0
59,तातडीचे: तुमचे UPI खाते बंद होईल. OTP 846261 द्या.,1
475,बधाई! ₹63713 आपके खाते में भेजे जाएंगे। अभी verify करें: http://upi.ml,1
561,तुमचा OTP 661000 आहे. 10 मिनिटात expire होईल. कोणालाही सांगू नका.,0
857,आज 3 बजे मीटिंग है। कॉन्फ्रेंस रूम B में। लैपटॉप लेकर आएं।,0
748,Doctor appointment confirmed for 06-03-2025 at 11 AM with Dr. Anita.,0
253,Police Case registered against you. Pay ₹85783 fine immediately to avoid arrest: +91-9338445325,1
22,Police Case registered against you. Pay ₹22010 fine immediately to avoid arrest: +91-9742740566,1
314,लोन ऑफर: ₹21248 तुरंत मिलेगा। कोई दस्तावेज़ नहीं। अभी apply करें।,1
460,अभिनंदन! ₹52408 तुमच्या खात्यात जमा होतील. verify करा: http://upi.ml,1
161,मोफत! तुम्ही ₹75131 जिंकले! 24 तासात दावा करा. कॉल करा +91-9480811934,1
277,Your CIBIL score is low. Get instant loan ₹94982. No documents. Click: http://loan-app.cf,1
956,आज 3 बजे मीटिंग है। कॉन्फ्रेंस रूम B में। लैपटॉप लेकर आएं।,0
192,लोन ऑफर: ₹98754 लगेच मिळेल. कोणतेही कागदपत्र नाही. आत्ता apply करा.,1
386,लोन ऑफर: ₹61900 तुरंत मिलेगा। कोई दस्तावेज़ नहीं। अभी apply करें।,1
806,आपका OTP 112675 है। 10 मिनट में expire होगा। किसी को न बताएं।,0
414,LOTTERY: You've been selected as a winner! Prize: ₹15309. Pay ₹500 processing fee to claim.,1
492,तुमचे आधार कार्ड गुन्ह्याशी जोडले आहे. लगेच call करा +91-8220744069,1
344,तातडीचे: तुमचे UPI खाते बंद होईल. OTP 981323 द्या.,1
770,₹16570 का लेनदेन Reliance पर हुआ। बैलेंस: ₹35417,0
309,लोन ऑफर: ₹94921 तुरंत मिलेगा। कोई दस्तावेज़ नहीं। अभी apply करें।,1
662,Doctor appointment confirmed for 01-01-2025 at 11 AM with Dr. Priya.,0
131,Your CIBIL score is low. Get instant loan ₹42170. No documents. Click: http://loan-app.cf,1
664,Your flight AI-6969 departs at 6:30 AM from Terminal 2. Check-in open.,0
872,Your order #8221 has been delivered. Rate your experience on the app.,0
100,Aadhaar linked with crime. Call CBI officer at +91-9087811803 immediately. Ignore at your risk.,1
373,आपका आधार कार्ड crime से लिंक है। तुरंत call करें +91-9488699764,1
88,आपका आधार कार्ड crime से लिंक है। तुरंत call करें +91-9241872540,1
459,SIM card upgrade required. Your Airtel SIM will deactivate. Update: http://sim-update.tk/45126,1
331,Aadhaar linked with crime. Call CBI officer at +91-9857790841 immediately. Ignore at your risk.,1
215,मोफत! तुम्ही ₹39629 जिंकले! 24 तासात दावा करा. कॉल करा +91-8624013501,1
467,SIM card upgrade required. Your Vi SIM will deactivate. Update: http://sim-update.tk/11918,1
122,मोफत! तुम्ही ₹27000 जिंकले! 24 तासात दावा करा. कॉल करा +91-8335110462,1
615,Transaction of ₹2528 done at DMart. Available bal: ₹35449.,0
21,आपका आधार कार्ड crime से लिंक है। तुरंत call करें +91-8173372700,1
701,Exam results declared. Log in to portal to check your score.,0
72,Police Case registered against you. Pay ₹43678 fine immediately to avoid arrest: +91-9526842181,1
107,URGENT: Your bank a/c will be blocked. Send OTP 645438 to our executive immediately.,1
271,LOTTERY: You've been selected as a winner! Prize: ₹9113. Pay ₹500 processing fee to claim.,1
861,Your flight AI-2953 departs at 6:30 AM from Terminal 2. Check-in open.,0
436,अभिनंदन! ₹5801 तुमच्या खात्यात जमा होतील. verify करा: http://upi.ml,1
103,URGENT: Your bank a/c will be blocked. Send OTP 518694 to our executive immediately.,1
